date,product_name,quantity,weather,event
2025-02-01,Buntut,15,2,1
2025-02-01,Telur Puyuh,22,2,1
2025-02-01,Tahu,13,2,1
2025-02-01,Ampela,12,2,1
2025-02-01,Usus,12,2,1
2025-02-01,Ceker,37,2,1
2025-02-01,Leher,5,2,1
2025-02-01,Cikua,7,2,1
2025-02-01,Sosis Kecil,14,2,1
2025-02-01,Sosis Besar,26,2,1
2025-02-01,Bakso,41,2,1
2025-02-01,Rais Boll Ayam Suwir,3,2,1
2025-02-01,Rais Boll Cumi Asin,2,2,1
2025-02-01,Tahu Bacem,6,2,1
2025-02-01,Tempe Bacem,5,2,1
2025-02-01,Nasi Kucing Ayam Suwir,3,2,1
2025-02-01,Nasi Kucing Cumi Asin,3,2,1
2025-02-02,Buntut,12,2,0
2025-02-02,Telur Puyuh,25,2,0
2025-02-02,Tahu,11,2,0
2025-02-02,Ampela,12,2,0
2025-02-02,Usus,11,2,0
2025-02-02,Ceker,23,2,0
2025-02-02,Leher,6,2,0
2025-02-02,Cikua,7,2,0
2025-02-02,Sosis Kecil,13,2,0
2025-02-02,Sosis Besar,24,2,0
2025-02-02,Bakso,39,2,0
2025-02-02,Rais Boll Ayam Suwir,3,2,0
2025-02-02,Rais Boll Cumi Asin,2,2,0
2025-02-02,Tahu Bacem,5,2,0
2025-02-02,Tempe Bacem,5,2,0
2025-02-02,Nasi Kucing Ayam Suwir,2,2,0
2025-02-02,Nasi Kucing Cumi Asin,2,2,0
2025-02-03,Buntut,11,2,0
2025-02-03,Telur Puyuh,14,2,0
2025-02-03,Tahu,10,2,0
2025-02-03,Ampela,7,2,0
2025-02-03,Usus,7,2,0
2025-02-03,Ceker,24,2,0
2025-02-03,Leher,3,2,0
2025-02-03,Cikua,5,2,0
2025-02-03,Sosis Kecil,10,2,0
2025-02-03,Sosis Besar,14,2,0
2025-02-03,Bakso,26,2,0
2025-02-03,Rais Boll Ayam Suwir,2,2,0
2025-02-03,Rais Boll Cumi Asin,2,2,0
2025-02-03,Tahu Bacem,3,2,0
2025-02-03,Tempe Bacem,4,2,0
2025-02-03,Nasi Kucing Ayam Suwir,2,2,0
2025-02-03,Nasi Kucing Cumi Asin,1,2,0
2025-02-04,Buntut,9,2,0
2025-02-04,Telur Puyuh,12,2,0
2025-02-04,Tahu,9,2,0
2025-02-04,Ampela,5,2,0
2025-02-04,Usus,7,2,0
2025-02-04,Ceker,23,2,0
2025-02-04,Leher,3,2,0
2025-02-04,Cikua,5,2,0
2025-02-04,Sosis Kecil,11,2,0
2025-02-04,Sosis Besar,19,2,0
2025-02-04,Bakso,29,2,0
2025-02-04,Rais Boll Ayam Suwir,2,2,0
2025-02-04,Rais Boll Cumi Asin,2,2,0
2025-02-04,Tahu Bacem,3,2,0
2025-02-04,Tempe Bacem,3,2,0
2025-02-04,Nasi Kucing Ayam Suwir,2,2,0
2025-02-04,Nasi Kucing Cumi Asin,2,2,0
2025-02-05,Buntut,10,2,0
2025-02-05,Telur Puyuh,21,2,0
2025-02-05,Tahu,10,2,0
2025-02-05,Ampela,11,2,0
2025-02-05,Usus,9,2,0
2025-02-05,Ceker,23,2,0
2025-02-05,Leher,4,2,0
2025-02-05,Cikua,4,2,0
2025-02-05,Sosis Kecil,13,2,0
2025-02-05,Sosis Besar,20,2,0
2025-02-05,Bakso,31,2,0
2025-02-05,Rais Boll Ayam Suwir,2,2,0
2025-02-05,Rais Boll Cumi Asin,2,2,0
2025-02-05,Tahu Bacem,4,2,0
2025-02-05,Tempe Bacem,4,2,0
2025-02-05,Nasi Kucing Ayam Suwir,1,2,0
2025-02-05,Nasi Kucing Cumi Asin,2,2,0
2025-02-06,Buntut,11,2,0
2025-02-06,Telur Puyuh,15,2,0
2025-02-06,Tahu,13,2,0
2025-02-06,Ampela,11,2,0
2025-02-06,Usus,8,2,0
2025-02-06,Ceker,31,2,0
2025-02-06,Leher,3,2,0
2025-02-06,Cikua,5,2,0
2025-02-06,Sosis Kecil,11,2,0
2025-02-06,Sosis Besar,18,2,0
2025-02-06,Bakso,27,2,0
2025-02-06,Rais Boll Ayam Suwir,3,2,0
2025-02-06,Rais Boll Cumi Asin,3,2,0
2025-02-06,Tahu Bacem,3,2,0
2025-02-06,Tempe Bacem,3,2,0
2025-02-06,Nasi Kucing Ayam Suwir,2,2,0
2025-02-06,Nasi Kucing Cumi Asin,2,2,0
2025-02-07,Buntut,13,2,0
2025-02-07,Telur Puyuh,21,2,0
2025-02-07,Tahu,13,2,0
2025-02-07,Ampela,12,2,0
2025-02-07,Usus,9,2,0
2025-02-07,Ceker,31,2,0
2025-02-07,Leher,3,2,0
2025-02-07,Cikua,8,2,0
2025-02-07,Sosis Kecil,13,2,0
2025-02-07,Sosis Besar,20,2,0
2025-02-07,Bakso,37,2,0
2025-02-07,Rais Boll Ayam Suwir,3,2,0
2025-02-07,Rais Boll Cumi Asin,3,2,0
2025-02-07,Tahu Bacem,4,2,0
2025-02-07,Tempe Bacem,4,2,0
2025-02-07,Nasi Kucing Ayam Suwir,2,2,0
2025-02-07,Nasi Kucing Cumi Asin,2,2,0
2025-02-08,Buntut,16,2,0
2025-02-08,Telur Puyuh,24,2,0
2025-02-08,Tahu,14,2,0
2025-02-08,Ampela,12,2,0
2025-02-08,Usus,11,2,0
2025-02-08,Ceker,33,2,0
2025-02-08,Leher,5,2,0
2025-02-08,Cikua,7,2,0
2025-02-08,Sosis Kecil,18,2,0
2025-02-08,Sosis Besar,27,2,0
2025-02-08,Bakso,40,2,0
2025-02-08,Rais Boll Ayam Suwir,3,2,0
2025-02-08,Rais Boll Cumi Asin,3,2,0
2025-02-08,Tahu Bacem,4,2,0
2025-02-08,Tempe Bacem,5,2,0
2025-02-08,Nasi Kucing Ayam Suwir,3,2,0
2025-02-08,Nasi Kucing Cumi Asin,3,2,0
2025-02-09,Buntut,14,2,0
2025-02-09,Telur Puyuh,20,2,0
2025-02-09,Tahu,13,2,0
2025-02-09,Ampela,11,2,0
2025-02-09,Usus,10,2,0
2025-02-09,Ceker,29,2,0
2025-02-09,Leher,4,2,0
2025-02-09,Cikua,6,2,0
2025-02-09,Sosis Kecil,13,2,0
2025-02-09,Sosis Besar,25,2,0
2025-02-09,Bakso,33,2,0
2025-02-09,Rais Boll Ayam Suwir,3,2,0
2025-02-09,Rais Boll Cumi Asin,3,2,0
2025-02-09,Tahu Bacem,5,2,0
2025-02-09,Tempe Bacem,5,2,0
2025-02-09,Nasi Kucing Ayam Suwir,2,2,0
2025-02-09,Nasi Kucing Cumi Asin,2,2,0
2025-02-10,Buntut,10,2,0
2025-02-10,Telur Puyuh,14,2,0
2025-02-10,Tahu,9,2,0
2025-02-10,Ampela,9,2,0
2025-02-10,Usus,7,2,0
2025-02-10,Ceker,20,2,0
2025-02-10,Leher,4,2,0
2025-02-10,Cikua,2,2,0
2025-02-10,Sosis Kecil,9,2,0
2025-02-10,Sosis Besar,12,2,0
2025-02-10,Bakso,27,2,0
2025-02-10,Rais Boll Ayam Suwir,2,2,0
2025-02-10,Rais Boll Cumi Asin,2,2,0
2025-02-10,Tahu Bacem,3,2,0
2025-02-10,Tempe Bacem,3,2,0
2025-02-10,Nasi Kucing Ayam Suwir,2,2,0
2025-02-10,Nasi Kucing Cumi Asin,2,2,0
2025-02-11,Buntut,9,2,0
2025-02-11,Telur Puyuh,18,2,0
2025-02-11,Tahu,11,2,0
2025-02-11,Ampela,8,2,0
2025-02-11,Usus,10,2,0
2025-02-11,Ceker,22,2,0
2025-02-11,Leher,1,2,0
2025-02-11,Cikua,5,2,0
2025-02-11,Sosis Kecil,10,2,0
2025-02-11,Sosis Besar,17,2,0
2025-02-11,Bakso,31,2,0
2025-02-11,Rais Boll Ayam Suwir,2,2,0
2025-02-11,Rais Boll Cumi Asin,2,2,0
2025-02-11,Tahu Bacem,3,2,0
2025-02-11,Tempe Bacem,4,2,0
2025-02-11,Nasi Kucing Ayam Suwir,2,2,0
2025-02-11,Nasi Kucing Cumi Asin,2,2,0
2025-02-12,Buntut,14,2,0
2025-02-12,Telur Puyuh,21,2,0
2025-02-12,Tahu,13,2,0
2025-02-12,Ampela,8,2,0
2025-02-12,Usus,10,2,0
2025-02-12,Ceker,33,2,0
2025-02-12,Leher,3,2,0
2025-02-12,Cikua,6,2,0
2025-02-12,Sosis Kecil,14,2,0
2025-02-12,Sosis Besar,20,2,0
2025-02-12,Bakso,34,2,0
2025-02-12,Rais Boll Ayam Suwir,3,2,0
2025-02-12,Rais Boll Cumi Asin,3,2,0
2025-02-12,Tahu Bacem,5,2,0
2025-02-12,Tempe Bacem,5,2,0
2025-02-12,Nasi Kucing Ayam Suwir,3,2,0
2025-02-12,Nasi Kucing Cumi Asin,2,2,0
2025-02-13,Buntut,10,2,0
2025-02-13,Telur Puyuh,20,2,0
2025-02-13,Tahu,11,2,0
2025-02-13,Ampela,8,2,0
2025-02-13,Usus,6,2,0
2025-02-13,Ceker,24,2,0
2025-02-13,Leher,4,2,0
2025-02-13,Cikua,6,2,0
2025-02-13,Sosis Kecil,14,2,0
2025-02-13,Sosis Besar,15,2,0
2025-02-13,Bakso,27,2,0
2025-02-13,Rais Boll Ayam Suwir,2,2,0
2025-02-13,Rais Boll Cumi Asin,2,2,0
2025-02-13,Tahu Bacem,3,2,0
2025-02-13,Tempe Bacem,3,2,0
2025-02-13,Nasi Kucing Ayam Suwir,2,2,0
2025-02-13,Nasi Kucing Cumi Asin,2,2,0
2025-02-14,Buntut,15,2,0
2025-02-14,Telur Puyuh,24,2,0
2025-02-14,Tahu,17,2,0
2025-02-14,Ampela,13,2,0
2025-02-14,Usus,9,2,0
2025-02-14,Ceker,37,2,0
2025-02-14,Leher,6,2,0
2025-02-14,Cikua,10,2,0
2025-02-14,Sosis Kecil,16,2,0
2025-02-14,Sosis Besar,29,2,0
2025-02-14,Bakso,35,2,0
2025-02-14,Rais Boll Ayam Suwir,4,2,0
2025-02-14,Rais Boll Cumi Asin,3,2,0
2025-02-14,Tahu Bacem,6,2,0
2025-02-14,Tempe Bacem,5,2,0
2025-02-14,Nasi Kucing Ayam Suwir,3,2,0
2025-02-14,Nasi Kucing Cumi Asin,3,2,0
2025-02-15,Buntut,15,2,0
2025-02-15,Telur Puyuh,27,2,0
2025-02-15,Tahu,15,2,0
2025-02-15,Ampela,15,2,0
2025-02-15,Usus,11,2,0
2025-02-15,Ceker,32,2,0
2025-02-15,Leher,4,2,0
2025-02-15,Cikua,7,2,0
2025-02-15,Sosis Kecil,15,2,0
2025-02-15,Sosis Besar,21,2,0
2025-02-15,Bakso,42,2,0
2025-02-15,Rais Boll Ayam Suwir,3,2,0
2025-02-15,Rais Boll Cumi Asin,3,2,0
2025-02-15,Tahu Bacem,6,2,0
2025-02-15,Tempe Bacem,5,2,0
2025-02-15,Nasi Kucing Ayam Suwir,3,2,0
2025-02-15,Nasi Kucing Cumi Asin,3,2,0
2025-02-16,Buntut,13,2,0
2025-02-16,Telur Puyuh,23,2,0
2025-02-16,Tahu,13,2,0
2025-02-16,Ampela,13,2,0
2025-02-16,Usus,10,2,0
2025-02-16,Ceker,28,2,0
2025-02-16,Leher,5,2,0
2025-02-16,Cikua,6,2,0
2025-02-16,Sosis Kecil,13,2,0
2025-02-16,Sosis Besar,18,2,0
2025-02-16,Bakso,34,2,0
2025-02-16,Rais Boll Ayam Suwir,2,2,0
2025-02-16,Rais Boll Cumi Asin,3,2,0
2025-02-16,Tahu Bacem,4,2,0
2025-02-16,Tempe Bacem,5,2,0
2025-02-16,Nasi Kucing Ayam Suwir,3,2,0
2025-02-16,Nasi Kucing Cumi Asin,2,2,0
2025-02-17,Buntut,8,2,0
2025-02-17,Telur Puyuh,14,2,0
2025-02-17,Tahu,11,2,0
2025-02-17,Ampela,10,2,0
2025-02-17,Usus,8,2,0
2025-02-17,Ceker,20,2,0
2025-02-17,Leher,4,2,0
2025-02-17,Cikua,5,2,0
2025-02-17,Sosis Kecil,9,2,0
2025-02-17,Sosis Besar,14,2,0
2025-02-17,Bakso,26,2,0
2025-02-17,Rais Boll Ayam Suwir,2,2,0
2025-02-17,Rais Boll Cumi Asin,1,2,0
2025-02-17,Tahu Bacem,3,2,0
2025-02-17,Tempe Bacem,3,2,0
2025-02-17,Nasi Kucing Ayam Suwir,2,2,0
2025-02-17,Nasi Kucing Cumi Asin,2,2,0
2025-02-18,Buntut,10,2,0
2025-02-18,Telur Puyuh,17,2,0
2025-02-18,Tahu,11,2,0
2025-02-18,Ampela,9,2,0
2025-02-18,Usus,5,2,0
2025-02-18,Ceker,20,2,0
2025-02-18,Leher,3,2,0
2025-02-18,Cikua,4,2,0
2025-02-18,Sosis Kecil,11,2,0
2025-02-18,Sosis Besar,16,2,0
2025-02-18,Bakso,31,2,0
2025-02-18,Rais Boll Ayam Suwir,2,2,0
2025-02-18,Rais Boll Cumi Asin,2,2,0
2025-02-18,Tahu Bacem,4,2,0
2025-02-18,Tempe Bacem,3,2,0
2025-02-18,Nasi Kucing Ayam Suwir,2,2,0
2025-02-18,Nasi Kucing Cumi Asin,2,2,0
2025-02-19,Buntut,10,2,0
2025-02-19,Telur Puyuh,18,2,0
2025-02-19,Tahu,10,2,0
2025-02-19,Ampela,8,2,0
2025-02-19,Usus,6,2,0
2025-02-19,Ceker,22,2,0
2025-02-19,Leher,3,2,0
2025-02-19,Cikua,6,2,0
2025-02-19,Sosis Kecil,10,2,0
2025-02-19,Sosis Besar,17,2,0
2025-02-19,Bakso,29,2,0
2025-02-19,Rais Boll Ayam Suwir,2,2,0
2025-02-19,Rais Boll Cumi Asin,2,2,0
2025-02-19,Tahu Bacem,3,2,0
2025-02-19,Tempe Bacem,4,2,0
2025-02-19,Nasi Kucing Ayam Suwir,2,2,0
2025-02-19,Nasi Kucing Cumi Asin,2,2,0
2025-02-20,Buntut,12,2,0
2025-02-20,Telur Puyuh,21,2,0
2025-02-20,Tahu,10,2,0
2025-02-20,Ampela,9,2,0
2025-02-20,Usus,7,2,0
2025-02-20,Ceker,22,2,0
2025-02-20,Leher,4,2,0
2025-02-20,Cikua,6,2,0
2025-02-20,Sosis Kecil,10,2,0
2025-02-20,Sosis Besar,19,2,0
2025-02-20,Bakso,28,2,0
2025-02-20,Rais Boll Ayam Suwir,2,2,0
2025-02-20,Rais Boll Cumi Asin,3,2,0
2025-02-20,Tahu Bacem,4,2,0
2025-02-20,Tempe Bacem,4,2,0
2025-02-20,Nasi Kucing Ayam Suwir,2,2,0
2025-02-20,Nasi Kucing Cumi Asin,2,2,0
2025-02-21,Buntut,12,2,0
2025-02-21,Telur Puyuh,23,2,0
2025-02-21,Tahu,11,2,0
2025-02-21,Ampela,13,2,0
2025-02-21,Usus,4,2,0
2025-02-21,Ceker,28,2,0
2025-02-21,Leher,5,2,0
2025-02-21,Cikua,8,2,0
2025-02-21,Sosis Kecil,12,2,0
2025-02-21,Sosis Besar,20,2,0
2025-02-21,Bakso,35,2,0
2025-02-21,Rais Boll Ayam Suwir,3,2,0
2025-02-21,Rais Boll Cumi Asin,3,2,0
2025-02-21,Tahu Bacem,4,2,0
2025-02-21,Tempe Bacem,4,2,0
2025-02-21,Nasi Kucing Ayam Suwir,2,2,0
2025-02-21,Nasi Kucing Cumi Asin,2,2,0
2025-02-22,Buntut,14,2,0
2025-02-22,Telur Puyuh,26,2,0
2025-02-22,Tahu,14,2,0
2025-02-22,Ampela,12,2,0
2025-02-22,Usus,9,2,0
2025-02-22,Ceker,37,2,0
2025-02-22,Leher,6,2,0
2025-02-22,Cikua,8,2,0
2025-02-22,Sosis Kecil,17,2,0
2025-02-22,Sosis Besar,24,2,0
2025-02-22,Bakso,38,2,0
2025-02-22,Rais Boll Ayam Suwir,3,2,0
2025-02-22,Rais Boll Cumi Asin,2,2,0
2025-02-22,Tahu Bacem,5,2,0
2025-02-22,Tempe Bacem,5,2,0
2025-02-22,Nasi Kucing Ayam Suwir,3,2,0
2025-02-22,Nasi Kucing Cumi Asin,3,2,0
2025-02-23,Buntut,13,2,0
2025-02-23,Telur Puyuh,23,2,0
2025-02-23,Tahu,12,2,0
2025-02-23,Ampela,12,2,0
2025-02-23,Usus,8,2,0
2025-02-23,Ceker,28,2,0
2025-02-23,Leher,5,2,0
2025-02-23,Cikua,6,2,0
2025-02-23,Sosis Kecil,12,2,0
2025-02-23,Sosis Besar,18,2,0
2025-02-23,Bakso,36,2,0
2025-02-23,Rais Boll Ayam Suwir,3,2,0
2025-02-23,Rais Boll Cumi Asin,2,2,0
2025-02-23,Tahu Bacem,5,2,0
2025-02-23,Tempe Bacem,5,2,0
2025-02-23,Nasi Kucing Ayam Suwir,2,2,0
2025-02-23,Nasi Kucing Cumi Asin,2,2,0
2025-02-24,Buntut,9,2,0
2025-02-24,Telur Puyuh,12,2,0
2025-02-24,Tahu,8,2,0
2025-02-24,Ampela,7,2,0
2025-02-24,Usus,7,2,0
2025-02-24,Ceker,19,2,0
2025-02-24,Leher,4,2,0
2025-02-24,Cikua,5,2,0
2025-02-24,Sosis Kecil,9,2,0
2025-02-24,Sosis Besar,19,2,0
2025-02-24,Bakso,30,2,0
2025-02-24,Rais Boll Ayam Suwir,2,2,0
2025-02-24,Rais Boll Cumi Asin,2,2,0
2025-02-24,Tahu Bacem,3,2,0
2025-02-24,Tempe Bacem,3,2,0
2025-02-24,Nasi Kucing Ayam Suwir,2,2,0
2025-02-24,Nasi Kucing Cumi Asin,1,2,0
2025-02-25,Buntut,8,2,0
2025-02-25,Telur Puyuh,15,2,0
2025-02-25,Tahu,11,2,0
2025-02-25,Ampela,10,2,0
2025-02-25,Usus,8,2,0
2025-02-25,Ceker,22,2,0
2025-02-25,Leher,3,2,0
2025-02-25,Cikua,0,2,0
2025-02-25,Sosis Kecil,11,2,0
2025-02-25,Sosis Besar,19,2,0
2025-02-25,Bakso,27,2,0
2025-02-25,Rais Boll Ayam Suwir,2,2,0
2025-02-25,Rais Boll Cumi Asin,2,2,0
2025-02-25,Tahu Bacem,3,2,0
2025-02-25,Tempe Bacem,3,2,0
2025-02-25,Nasi Kucing Ayam Suwir,2,2,0
2025-02-25,Nasi Kucing Cumi Asin,2,2,0
2025-02-26,Buntut,10,2,0
2025-02-26,Telur Puyuh,16,2,0
2025-02-26,Tahu,11,2,0
2025-02-26,Ampela,11,2,0
2025-02-26,Usus,7,2,0
2025-02-26,Ceker,25,2,0
2025-02-26,Leher,4,2,0
2025-02-26,Cikua,5,2,0
2025-02-26,Sosis Kecil,12,2,0
2025-02-26,Sosis Besar,17,2,0
2025-02-26,Bakso,29,2,0
2025-02-26,Rais Boll Ayam Suwir,2,2,0
2025-02-26,Rais Boll Cumi Asin,2,2,0
2025-02-26,Tahu Bacem,3,2,0
2025-02-26,Tempe Bacem,3,2,0
2025-02-26,Nasi Kucing Ayam Suwir,2,2,0
2025-02-26,Nasi Kucing Cumi Asin,2,2,0
2025-02-27,Buntut,10,2,0
2025-02-27,Telur Puyuh,16,2,0
2025-02-27,Tahu,8,2,0
2025-02-27,Ampela,9,2,0
2025-02-27,Usus,9,2,0
2025-02-27,Ceker,23,2,0
2025-02-27,Leher,4,2,0
2025-02-27,Cikua,5,2,0
2025-02-27,Sosis Kecil,13,2,0
2025-02-27,Sosis Besar,18,2,0
2025-02-27,Bakso,32,2,0
2025-02-27,Rais Boll Ayam Suwir,3,2,0
2025-02-27,Rais Boll Cumi Asin,2,2,0
2025-02-27,Tahu Bacem,4,2,0
2025-02-27,Tempe Bacem,4,2,0
2025-02-27,Nasi Kucing Ayam Suwir,2,2,0
2025-02-27,Nasi Kucing Cumi Asin,2,2,0
2025-02-28,Buntut,21,2,1
2025-02-28,Telur Puyuh,33,2,1
2025-02-28,Tahu,19,2,1
2025-02-28,Ampela,18,2,1
2025-02-28,Usus,10,2,1
2025-02-28,Ceker,50,2,1
2025-02-28,Leher,8,2,1
2025-02-28,Cikua,7,2,1
2025-02-28,Sosis Kecil,18,2,1
2025-02-28,Sosis Besar,36,2,1
2025-02-28,Bakso,62,2,1
2025-02-28,Rais Boll Ayam Suwir,4,2,1
2025-02-28,Rais Boll Cumi Asin,3,2,1
2025-02-28,Tahu Bacem,6,2,1
2025-02-28,Tempe Bacem,6,2,1
2025-02-28,Nasi Kucing Ayam Suwir,3,2,1
2025-02-28,Nasi Kucing Cumi Asin,3,2,1
2025-03-01,Buntut,22,2,0
2025-03-01,Telur Puyuh,33,2,0
2025-03-01,Tahu,21,2,0
2025-03-01,Ampela,20,2,0
2025-03-01,Usus,16,2,0
2025-03-01,Ceker,48,2,0
2025-03-01,Leher,5,2,0
2025-03-01,Cikua,10,2,0
2025-03-01,Sosis Kecil,22,2,0
2025-03-01,Sosis Besar,39,2,0
2025-03-01,Bakso,60,2,0
2025-03-01,Rais Boll Ayam Suwir,4,2,0
2025-03-01,Rais Boll Cumi Asin,4,2,0
2025-03-01,Tahu Bacem,8,2,0
2025-03-01,Tempe Bacem,8,2,0
2025-03-01,Nasi Kucing Ayam Suwir,4,2,0
2025-03-01,Nasi Kucing Cumi Asin,3,2,0
2025-03-02,Buntut,15,2,0
2025-03-02,Telur Puyuh,27,2,0
2025-03-02,Tahu,15,2,0
2025-03-02,Ampela,14,2,0
2025-03-02,Usus,14,2,0
2025-03-02,Ceker,41,2,0
2025-03-02,Leher,7,2,0
2025-03-02,Cikua,8,2,0
2025-03-02,Sosis Kecil,18,2,0
2025-03-02,Sosis Besar,31,2,0
2025-03-02,Bakso,54,2,0
2025-03-02,Rais Boll Ayam Suwir,3,2,0
2025-03-02,Rais Boll Cumi Asin,4,2,0
2025-03-02,Tahu Bacem,7,2,0
2025-03-02,Tempe Bacem,7,2,0
2025-03-02,Nasi Kucing Ayam Suwir,3,2,0
2025-03-02,Nasi Kucing Cumi Asin,3,2,0
2025-03-03,Buntut,12,2,0
2025-03-03,Telur Puyuh,20,2,0
2025-03-03,Tahu,11,2,0
2025-03-03,Ampela,11,2,0
2025-03-03,Usus,9,2,0
2025-03-03,Ceker,27,2,0
2025-03-03,Leher,4,2,0
2025-03-03,Cikua,6,2,0
2025-03-03,Sosis Kecil,13,2,0
2025-03-03,Sosis Besar,23,2,0
2025-03-03,Bakso,36,2,0
2025-03-03,Rais Boll Ayam Suwir,3,2,0
2025-03-03,Rais Boll Cumi Asin,2,2,0
2025-03-03,Tahu Bacem,4,2,0
2025-03-03,Tempe Bacem,5,2,0
2025-03-03,Nasi Kucing Ayam Suwir,2,2,0
2025-03-03,Nasi Kucing Cumi Asin,2,2,0
2025-03-04,Buntut,13,2,0
2025-03-04,Telur Puyuh,21,2,0
2025-03-04,Tahu,11,2,0
2025-03-04,Ampela,11,2,0
2025-03-04,Usus,8,2,0
2025-03-04,Ceker,23,2,0
2025-03-04,Leher,4,2,0
2025-03-04,Cikua,5,2,0
2025-03-04,Sosis Kecil,12,2,0
2025-03-04,Sosis Besar,26,2,0
2025-03-04,Bakso,33,2,0
2025-03-04,Rais Boll Ayam Suwir,3,2,0
2025-03-04,Rais Boll Cumi Asin,2,2,0
2025-03-04,Tahu Bacem,5,2,0
2025-03-04,Tempe Bacem,5,2,0
2025-03-04,Nasi Kucing Ayam Suwir,2,2,0
2025-03-04,Nasi Kucing Cumi Asin,2,2,0
2025-03-05,Buntut,15,2,0
2025-03-05,Telur Puyuh,25,2,0
2025-03-05,Tahu,14,2,0
2025-03-05,Ampela,11,2,0
2025-03-05,Usus,12,2,0
2025-03-05,Ceker,35,2,0
2025-03-05,Leher,3,2,0
2025-03-05,Cikua,8,2,0
2025-03-05,Sosis Kecil,17,2,0
2025-03-05,Sosis Besar,28,2,0
2025-03-05,Bakso,43,2,0
2025-03-05,Rais Boll Ayam Suwir,3,2,0
2025-03-05,Rais Boll Cumi Asin,3,2,0
2025-03-05,Tahu Bacem,5,2,0
2025-03-05,Tempe Bacem,5,2,0
2025-03-05,Nasi Kucing Ayam Suwir,2,2,0
2025-03-05,Nasi Kucing Cumi Asin,2,2,0
2025-03-06,Buntut,15,2,0
2025-03-06,Telur Puyuh,20,2,0
2025-03-06,Tahu,14,2,0
2025-03-06,Ampela,17,2,0
2025-03-06,Usus,11,2,0
2025-03-06,Ceker,36,2,0
2025-03-06,Leher,6,2,0
2025-03-06,Cikua,10,2,0
2025-03-06,Sosis Kecil,11,2,0
2025-03-06,Sosis Besar,23,2,0
2025-03-06,Bakso,45,2,0
2025-03-06,Rais Boll Ayam Suwir,3,2,0
2025-03-06,Rais Boll Cumi Asin,3,2,0
2025-03-06,Tahu Bacem,4,2,0
2025-03-06,Tempe Bacem,4,2,0
2025-03-06,Nasi Kucing Ayam Suwir,3,2,0
2025-03-06,Nasi Kucing Cumi Asin,3,2,0
2025-03-07,Buntut,19,2,0
2025-03-07,Telur Puyuh,32,2,0
2025-03-07,Tahu,24,2,0
2025-03-07,Ampela,15,2,0
2025-03-07,Usus,11,2,0
2025-03-07,Ceker,47,2,0
2025-03-07,Leher,8,2,0
2025-03-07,Cikua,7,2,0
2025-03-07,Sosis Kecil,21,2,0
2025-03-07,Sosis Besar,22,2,0
2025-03-07,Bakso,53,2,0
2025-03-07,Rais Boll Ayam Suwir,4,2,0
2025-03-07,Rais Boll Cumi Asin,3,2,0
2025-03-07,Tahu Bacem,7,2,0
2025-03-07,Tempe Bacem,6,2,0
2025-03-07,Nasi Kucing Ayam Suwir,3,2,0
2025-03-07,Nasi Kucing Cumi Asin,3,2,0
2025-03-08,Buntut,22,2,0
2025-03-08,Telur Puyuh,32,2,0
2025-03-08,Tahu,20,2,0
2025-03-08,Ampela,19,2,0
2025-03-08,Usus,15,2,0
2025-03-08,Ceker,54,2,0
2025-03-08,Leher,7,2,0
2025-03-08,Cikua,10,2,0
2025-03-08,Sosis Kecil,25,2,0
2025-03-08,Sosis Besar,39,2,0
2025-03-08,Bakso,54,2,0
2025-03-08,Rais Boll Ayam Suwir,4,2,0
2025-03-08,Rais Boll Cumi Asin,4,2,0
2025-03-08,Tahu Bacem,7,2,0
2025-03-08,Tempe Bacem,7,2,0
2025-03-08,Nasi Kucing Ayam Suwir,4,2,0
2025-03-08,Nasi Kucing Cumi Asin,3,2,0
2025-03-09,Buntut,18,2,0
2025-03-09,Telur Puyuh,26,2,0
2025-03-09,Tahu,16,2,0
2025-03-09,Ampela,18,2,0
2025-03-09,Usus,13,2,0
2025-03-09,Ceker,38,2,0
2025-03-09,Leher,6,2,0
2025-03-09,Cikua,9,2,0
2025-03-09,Sosis Kecil,21,2,0
2025-03-09,Sosis Besar,26,2,0
2025-03-09,Bakso,56,2,0
2025-03-09,Rais Boll Ayam Suwir,3,2,0
2025-03-09,Rais Boll Cumi Asin,4,2,0
2025-03-09,Tahu Bacem,7,2,0
2025-03-09,Tempe Bacem,7,2,0
2025-03-09,Nasi Kucing Ayam Suwir,3,2,0
2025-03-09,Nasi Kucing Cumi Asin,3,2,0
2025-03-10,Buntut,15,2,0
2025-03-10,Telur Puyuh,20,2,0
2025-03-10,Tahu,13,2,0
2025-03-10,Ampela,9,2,0
2025-03-10,Usus,10,2,0
2025-03-10,Ceker,23,2,0
2025-03-10,Leher,5,2,0
2025-03-10,Cikua,7,2,0
2025-03-10,Sosis Kecil,13,2,0
2025-03-10,Sosis Besar,24,2,0
2025-03-10,Bakso,39,2,0
2025-03-10,Rais Boll Ayam Suwir,2,2,0
2025-03-10,Rais Boll Cumi Asin,3,2,0
2025-03-10,Tahu Bacem,3,2,0
2025-03-10,Tempe Bacem,4,2,0
2025-03-10,Nasi Kucing Ayam Suwir,2,2,0
2025-03-10,Nasi Kucing Cumi Asin,2,2,0
2025-03-11,Buntut,13,2,0
2025-03-11,Telur Puyuh,25,2,0
2025-03-11,Tahu,14,2,0
2025-03-11,Ampela,13,2,0
2025-03-11,Usus,9,2,0
2025-03-11,Ceker,37,2,0
2025-03-11,Leher,5,2,0
2025-03-11,Cikua,8,2,0
2025-03-11,Sosis Kecil,14,2,0
2025-03-11,Sosis Besar,24,2,0
2025-03-11,Bakso,43,2,0
2025-03-11,Rais Boll Ayam Suwir,3,2,0
2025-03-11,Rais Boll Cumi Asin,2,2,0
2025-03-11,Tahu Bacem,5,2,0
2025-03-11,Tempe Bacem,4,2,0
2025-03-11,Nasi Kucing Ayam Suwir,3,2,0
2025-03-11,Nasi Kucing Cumi Asin,2,2,0
2025-03-12,Buntut,14,2,0
2025-03-12,Telur Puyuh,24,2,0
2025-03-12,Tahu,14,2,0
2025-03-12,Ampela,12,2,0
2025-03-12,Usus,11,2,0
2025-03-12,Ceker,29,2,0
2025-03-12,Leher,3,2,0
2025-03-12,Cikua,7,2,0
2025-03-12,Sosis Kecil,15,2,0
2025-03-12,Sosis Besar,27,2,0
2025-03-12,Bakso,32,2,0
2025-03-12,Rais Boll Ayam Suwir,3,2,0
2025-03-12,Rais Boll Cumi Asin,1,2,0
2025-03-12,Tahu Bacem,5,2,0
2025-03-12,Tempe Bacem,4,2,0
2025-03-12,Nasi Kucing Ayam Suwir,3,2,0
2025-03-12,Nasi Kucing Cumi Asin,2,2,0
2025-03-13,Buntut,15,2,0
2025-03-13,Telur Puyuh,26,2,0
2025-03-13,Tahu,15,2,0
2025-03-13,Ampela,14,2,0
2025-03-13,Usus,13,2,0
2025-03-13,Ceker,29,2,0
2025-03-13,Leher,6,2,0
2025-03-13,Cikua,8,2,0
2025-03-13,Sosis Kecil,16,2,0
2025-03-13,Sosis Besar,22,2,0
2025-03-13,Bakso,49,2,0
2025-03-13,Rais Boll Ayam Suwir,2,2,0
2025-03-13,Rais Boll Cumi Asin,2,2,0
2025-03-13,Tahu Bacem,5,2,0
2025-03-13,Tempe Bacem,5,2,0
2025-03-13,Nasi Kucing Ayam Suwir,2,2,0
2025-03-13,Nasi Kucing Cumi Asin,2,2,0
2025-03-14,Buntut,22,2,0
2025-03-14,Telur Puyuh,24,2,0
2025-03-14,Tahu,19,2,0
2025-03-14,Ampela,15,2,0
2025-03-14,Usus,15,2,0
2025-03-14,Ceker,35,2,0
2025-03-14,Leher,2,2,0
2025-03-14,Cikua,8,2,0
2025-03-14,Sosis Kecil,22,2,0
2025-03-14,Sosis Besar,28,2,0
2025-03-14,Bakso,51,2,0
2025-03-14,Rais Boll Ayam Suwir,4,2,0
2025-03-14,Rais Boll Cumi Asin,4,2,0
2025-03-14,Tahu Bacem,7,2,0
2025-03-14,Tempe Bacem,6,2,0
2025-03-14,Nasi Kucing Ayam Suwir,3,2,0
2025-03-14,Nasi Kucing Cumi Asin,3,2,0
2025-03-15,Buntut,23,2,0
2025-03-15,Telur Puyuh,37,2,0
2025-03-15,Tahu,26,2,0
2025-03-15,Ampela,24,2,0
2025-03-15,Usus,18,2,0
2025-03-15,Ceker,47,2,0
2025-03-15,Leher,3,2,0
2025-03-15,Cikua,16,2,0
2025-03-15,Sosis Kecil,24,2,0
2025-03-15,Sosis Besar,34,2,0
2025-03-15,Bakso,59,2,0
2025-03-15,Rais Boll Ayam Suwir,5,2,0
2025-03-15,Rais Boll Cumi Asin,5,2,0
2025-03-15,Tahu Bacem,8,2,0
2025-03-15,Tempe Bacem,9,2,0
2025-03-15,Nasi Kucing Ayam Suwir,4,2,0
2025-03-15,Nasi Kucing Cumi Asin,4,2,0
2025-03-16,Buntut,10,2,0
2025-03-16,Telur Puyuh,24,2,0
2025-03-16,Tahu,18,2,0
2025-03-16,Ampela,17,2,0
2025-03-16,Usus,16,2,0
2025-03-16,Ceker,45,2,0
2025-03-16,Leher,5,2,0
2025-03-16,Cikua,9,2,0
2025-03-16,Sosis Kecil,20,2,0
2025-03-16,Sosis Besar,26,2,0
2025-03-16,Bakso,55,2,0
2025-03-16,Rais Boll Ayam Suwir,3,2,0
2025-03-16,Rais Boll Cumi Asin,3,2,0
2025-03-16,Tahu Bacem,6,2,0
2025-03-16,Tempe Bacem,7,2,0
2025-03-16,Nasi Kucing Ayam Suwir,3,2,0
2025-03-16,Nasi Kucing Cumi Asin,3,2,0
2025-03-17,Buntut,10,2,0
2025-03-17,Telur Puyuh,22,2,0
2025-03-17,Tahu,15,2,0
2025-03-17,Ampela,10,2,0
2025-03-17,Usus,9,2,0
2025-03-17,Ceker,29,2,0
2025-03-17,Leher,4,2,0
2025-03-17,Cikua,5,2,0
2025-03-17,Sosis Kecil,15,2,0
2025-03-17,Sosis Besar,24,2,0
2025-03-17,Bakso,33,2,0
2025-03-17,Rais Boll Ayam Suwir,3,2,0
2025-03-17,Rais Boll Cumi Asin,2,2,0
2025-03-17,Tahu Bacem,5,2,0
2025-03-17,Tempe Bacem,5,2,0
2025-03-17,Nasi Kucing Ayam Suwir,2,2,0
2025-03-17,Nasi Kucing Cumi Asin,2,2,0
2025-03-18,Buntut,13,2,0
2025-03-18,Telur Puyuh,23,2,0
2025-03-18,Tahu,9,2,0
2025-03-18,Ampela,12,2,0
2025-03-18,Usus,11,2,0
2025-03-18,Ceker,31,2,0
2025-03-18,Leher,3,2,0
2025-03-18,Cikua,7,2,0
2025-03-18,Sosis Kecil,14,2,0
2025-03-18,Sosis Besar,19,2,0
2025-03-18,Bakso,43,2,0
2025-03-18,Rais Boll Ayam Suwir,3,2,0
2025-03-18,Rais Boll Cumi Asin,2,2,0
2025-03-18,Tahu Bacem,5,2,0
2025-03-18,Tempe Bacem,4,2,0
2025-03-18,Nasi Kucing Ayam Suwir,2,2,0
2025-03-18,Nasi Kucing Cumi Asin,2,2,0
2025-03-19,Buntut,14,2,0
2025-03-19,Telur Puyuh,18,2,0
2025-03-19,Tahu,13,2,0
2025-03-19,Ampela,14,2,0
2025-03-19,Usus,9,2,0
2025-03-19,Ceker,33,2,0
2025-03-19,Leher,6,2,0
2025-03-19,Cikua,7,2,0
2025-03-19,Sosis Kecil,16,2,0
2025-03-19,Sosis Besar,19,2,0
2025-03-19,Bakso,33,2,0
2025-03-19,Rais Boll Ayam Suwir,3,2,0
2025-03-19,Rais Boll Cumi Asin,2,2,0
2025-03-19,Tahu Bacem,6,2,0
2025-03-19,Tempe Bacem,5,2,0
2025-03-19,Nasi Kucing Ayam Suwir,2,2,0
2025-03-19,Nasi Kucing Cumi Asin,2,2,0
2025-03-20,Buntut,13,2,0
2025-03-20,Telur Puyuh,28,2,0
2025-03-20,Tahu,16,2,0
2025-03-20,Ampela,13,2,0
2025-03-20,Usus,9,2,0
2025-03-20,Ceker,31,2,0
2025-03-20,Leher,7,2,0
2025-03-20,Cikua,9,2,0
2025-03-20,Sosis Kecil,13,2,0
2025-03-20,Sosis Besar,21,2,0
2025-03-20,Bakso,41,2,0
2025-03-20,Rais Boll Ayam Suwir,3,2,0
2025-03-20,Rais Boll Cumi Asin,3,2,0
2025-03-20,Tahu Bacem,5,2,0
2025-03-20,Tempe Bacem,5,2,0
2025-03-20,Nasi Kucing Ayam Suwir,3,2,0
2025-03-20,Nasi Kucing Cumi Asin,2,2,0
2025-03-21,Buntut,19,2,0
2025-03-21,Telur Puyuh,28,2,0
2025-03-21,Tahu,16,2,0
2025-03-21,Ampela,17,2,0
2025-03-21,Usus,10,2,0
2025-03-21,Ceker,36,2,0
2025-03-21,Leher,5,2,0
2025-03-21,Cikua,5,2,0
2025-03-21,Sosis Kecil,20,2,0
2025-03-21,Sosis Besar,26,2,0
2025-03-21,Bakso,50,2,0
2025-03-21,Rais Boll Ayam Suwir,4,2,0
2025-03-21,Rais Boll Cumi Asin,3,2,0
2025-03-21,Tahu Bacem,6,2,0
2025-03-21,Tempe Bacem,6,2,0
2025-03-21,Nasi Kucing Ayam Suwir,3,2,0
2025-03-21,Nasi Kucing Cumi Asin,3,2,0
2025-03-22,Buntut,19,2,0
2025-03-22,Telur Puyuh,29,2,0
2025-03-22,Tahu,21,2,0
2025-03-22,Ampela,16,2,0
2025-03-22,Usus,12,2,0
2025-03-22,Ceker,45,2,0
2025-03-22,Leher,7,2,0
2025-03-22,Cikua,13,2,0
2025-03-22,Sosis Kecil,18,2,0
2025-03-22,Sosis Besar,34,2,0
2025-03-22,Bakso,54,2,0
2025-03-22,Rais Boll Ayam Suwir,4,2,0
2025-03-22,Rais Boll Cumi Asin,4,2,0
2025-03-22,Tahu Bacem,7,2,0
2025-03-22,Tempe Bacem,7,2,0
2025-03-22,Nasi Kucing Ayam Suwir,3,2,0
2025-03-22,Nasi Kucing Cumi Asin,3,2,0
2025-03-23,Buntut,18,2,0
2025-03-23,Telur Puyuh,29,2,0
2025-03-23,Tahu,15,2,0
2025-03-23,Ampela,12,2,0
2025-03-23,Usus,11,2,0
2025-03-23,Ceker,33,2,0
2025-03-23,Leher,5,2,0
2025-03-23,Cikua,13,2,0
2025-03-23,Sosis Kecil,17,2,0
2025-03-23,Sosis Besar,32,2,0
2025-03-23,Bakso,47,2,0
2025-03-23,Rais Boll Ayam Suwir,3,2,0
2025-03-23,Rais Boll Cumi Asin,4,2,0
2025-03-23,Tahu Bacem,5,2,0
2025-03-23,Tempe Bacem,6,2,0
2025-03-23,Nasi Kucing Ayam Suwir,3,2,0
2025-03-23,Nasi Kucing Cumi Asin,3,2,0
2025-03-24,Buntut,14,2,0
2025-03-24,Telur Puyuh,20,2,0
2025-03-24,Tahu,11,2,0
2025-03-24,Ampela,12,2,0
2025-03-24,Usus,9,2,0
2025-03-24,Ceker,26,2,0
2025-03-24,Leher,4,2,0
2025-03-24,Cikua,5,2,0
2025-03-24,Sosis Kecil,7,2,0
2025-03-24,Sosis Besar,17,2,0
2025-03-24,Bakso,36,2,0
2025-03-24,Rais Boll Ayam Suwir,2,2,0
2025-03-24,Rais Boll Cumi Asin,2,2,0
2025-03-24,Tahu Bacem,5,2,0
2025-03-24,Tempe Bacem,4,2,0
2025-03-24,Nasi Kucing Ayam Suwir,2,2,0
2025-03-24,Nasi Kucing Cumi Asin,2,2,0
2025-03-25,Buntut,14,2,0
2025-03-25,Telur Puyuh,18,2,0
2025-03-25,Tahu,12,2,0
2025-03-25,Ampela,10,2,0
2025-03-25,Usus,9,2,0
2025-03-25,Ceker,26,2,0
2025-03-25,Leher,5,2,0
2025-03-25,Cikua,5,2,0
2025-03-25,Sosis Kecil,13,2,0
2025-03-25,Sosis Besar,25,2,0
2025-03-25,Bakso,33,2,0
2025-03-25,Rais Boll Ayam Suwir,2,2,0
2025-03-25,Rais Boll Cumi Asin,2,2,0
2025-03-25,Tahu Bacem,5,2,0
2025-03-25,Tempe Bacem,5,2,0
2025-03-25,Nasi Kucing Ayam Suwir,2,2,0
2025-03-25,Nasi Kucing Cumi Asin,2,2,0
2025-03-26,Buntut,16,2,0
2025-03-26,Telur Puyuh,24,2,0
2025-03-26,Tahu,13,2,0
2025-03-26,Ampela,10,2,0
2025-03-26,Usus,9,2,0
2025-03-26,Ceker,26,2,0
2025-03-26,Leher,5,2,0
2025-03-26,Cikua,7,2,0
2025-03-26,Sosis Kecil,15,2,0
2025-03-26,Sosis Besar,24,2,0
2025-03-26,Bakso,34,2,0
2025-03-26,Rais Boll Ayam Suwir,2,2,0
2025-03-26,Rais Boll Cumi Asin,2,2,0
2025-03-26,Tahu Bacem,5,2,0
2025-03-26,Tempe Bacem,4,2,0
2025-03-26,Nasi Kucing Ayam Suwir,2,2,0
2025-03-26,Nasi Kucing Cumi Asin,2,2,0
2025-03-27,Buntut,13,2,0
2025-03-27,Telur Puyuh,23,2,0
2025-03-27,Tahu,11,2,0
2025-03-27,Ampela,16,2,0
2025-03-27,Usus,10,2,0
2025-03-27,Ceker,22,2,0
2025-03-27,Leher,5,2,0
2025-03-27,Cikua,6,2,0
2025-03-27,Sosis Kecil,9,2,0
2025-03-27,Sosis Besar,21,2,0
2025-03-27,Bakso,39,2,0
2025-03-27,Rais Boll Ayam Suwir,2,2,0
2025-03-27,Rais Boll Cumi Asin,2,2,0
2025-03-27,Tahu Bacem,4,2,0
2025-03-27,Tempe Bacem,4,2,0
2025-03-27,Nasi Kucing Ayam Suwir,2,2,0
2025-03-27,Nasi Kucing Cumi Asin,2,2,0
2025-03-28,Buntut,21,2,0
2025-03-28,Telur Puyuh,39,2,0
2025-03-28,Tahu,22,2,0
2025-03-28,Ampela,20,2,0
2025-03-28,Usus,11,2,0
2025-03-28,Ceker,50,2,0
2025-03-28,Leher,7,2,0
2025-03-28,Cikua,9,2,0
2025-03-28,Sosis Kecil,22,2,0
2025-03-28,Sosis Besar,46,2,0
2025-03-28,Bakso,55,2,0
2025-03-28,Rais Boll Ayam Suwir,4,2,0
2025-03-28,Rais Boll Cumi Asin,3,2,0
2025-03-28,Tahu Bacem,7,2,0
2025-03-28,Tempe Bacem,6,2,0
2025-03-28,Nasi Kucing Ayam Suwir,4,2,0
2025-03-28,Nasi Kucing Cumi Asin,3,2,0
2025-03-29,Buntut,0,2,1
2025-03-29,Telur Puyuh,0,2,1
2025-03-29,Tahu,0,2,1
2025-03-29,Ampela,0,2,1
2025-03-29,Usus,0,2,1
2025-03-29,Ceker,0,2,1
2025-03-29,Leher,0,2,1
2025-03-29,Cikua,0,2,1
2025-03-29,Sosis Kecil,0,2,1
2025-03-29,Sosis Besar,0,2,1
2025-03-29,Bakso,0,2,1
2025-03-29,Rais Boll Ayam Suwir,0,2,1
2025-03-29,Rais Boll Cumi Asin,0,2,1
2025-03-29,Tahu Bacem,0,2,1
2025-03-29,Tempe Bacem,0,2,1
2025-03-29,Nasi Kucing Ayam Suwir,0,2,1
2025-03-29,Nasi Kucing Cumi Asin,0,2,1
2025-03-30,Buntut,0,2,1
2025-03-30,Telur Puyuh,0,2,1
2025-03-30,Tahu,0,2,1
2025-03-30,Ampela,0,2,1
2025-03-30,Usus,0,2,1
2025-03-30,Ceker,0,2,1
2025-03-30,Leher,0,2,1
2025-03-30,Cikua,0,2,1
2025-03-30,Sosis Kecil,0,2,1
2025-03-30,Sosis Besar,0,2,1
2025-03-30,Bakso,0,2,1
2025-03-30,Rais Boll Ayam Suwir,0,2,1
2025-03-30,Rais Boll Cumi Asin,0,2,1
2025-03-30,Tahu Bacem,0,2,1
2025-03-30,Tempe Bacem,0,2,1
2025-03-30,Nasi Kucing Ayam Suwir,0,2,1
2025-03-30,Nasi Kucing Cumi Asin,0,2,1
2025-03-31,Buntut,6,1,0
2025-03-31,Telur Puyuh,10,1,0
2025-03-31,Tahu,7,1,0
2025-03-31,Ampela,4,1,0
2025-03-31,Usus,3,1,0
2025-03-31,Ceker,12,1,0
2025-03-31,Leher,0,1,0
2025-03-31,Cikua,3,1,0
2025-03-31,Sosis Kecil,8,1,0
2025-03-31,Sosis Besar,7,1,0
2025-03-31,Bakso,16,1,0
2025-03-31,Rais Boll Ayam Suwir,1,1,0
2025-03-31,Rais Boll Cumi Asin,1,1,0
2025-03-31,Tahu Bacem,2,1,0
2025-03-31,Tempe Bacem,1,1,0
2025-03-31,Nasi Kucing Ayam Suwir,1,1,0
2025-03-31,Nasi Kucing Cumi Asin,1,1,0
2025-04-01,Buntut,3,2,0
2025-04-01,Telur Puyuh,6,2,0
2025-04-01,Tahu,4,2,0
2025-04-01,Ampela,3,2,0
2025-04-01,Usus,2,2,0
2025-04-01,Ceker,10,2,0
2025-04-01,Leher,1,2,0
2025-04-01,Cikua,0,2,0
2025-04-01,Sosis Kecil,4,2,0
2025-04-01,Sosis Besar,5,2,0
2025-04-01,Bakso,11,2,0
2025-04-01,Rais Boll Ayam Suwir,1,2,0
2025-04-01,Rais Boll Cumi Asin,1,2,0
2025-04-01,Tahu Bacem,2,2,0
2025-04-01,Tempe Bacem,1,2,0
2025-04-01,Nasi Kucing Ayam Suwir,1,2,0
2025-04-01,Nasi Kucing Cumi Asin,1,2,0
2025-04-02,Buntut,4,2,0
2025-04-02,Telur Puyuh,8,2,0
2025-04-02,Tahu,3,2,0
2025-04-02,Ampela,4,2,0
2025-04-02,Usus,4,2,0
2025-04-02,Ceker,8,2,0
2025-04-02,Leher,2,2,0
2025-04-02,Cikua,1,2,0
2025-04-02,Sosis Kecil,3,2,0
2025-04-02,Sosis Besar,9,2,0
2025-04-02,Bakso,13,2,0
2025-04-02,Rais Boll Ayam Suwir,1,2,0
2025-04-02,Rais Boll Cumi Asin,1,2,0
2025-04-02,Tahu Bacem,1,2,0
2025-04-02,Tempe Bacem,1,2,0
2025-04-02,Nasi Kucing Ayam Suwir,1,2,0
2025-04-02,Nasi Kucing Cumi Asin,1,2,0
2025-04-03,Buntut,14,2,0
2025-04-03,Telur Puyuh,17,2,0
2025-04-03,Tahu,12,2,0
2025-04-03,Ampela,8,2,0
2025-04-03,Usus,8,2,0
2025-04-03,Ceker,25,2,0
2025-04-03,Leher,4,2,0
2025-04-03,Cikua,7,2,0
2025-04-03,Sosis Kecil,12,2,0
2025-04-03,Sosis Besar,18,2,0
2025-04-03,Bakso,34,2,0
2025-04-03,Rais Boll Ayam Suwir,2,2,0
2025-04-03,Rais Boll Cumi Asin,2,2,0
2025-04-03,Tahu Bacem,4,2,0
2025-04-03,Tempe Bacem,3,2,0
2025-04-03,Nasi Kucing Ayam Suwir,2,2,0
2025-04-03,Nasi Kucing Cumi Asin,2,2,0
2025-04-04,Buntut,13,2,0
2025-04-04,Telur Puyuh,18,2,0
2025-04-04,Tahu,11,2,0
2025-04-04,Ampela,10,2,0
2025-04-04,Usus,9,2,0
2025-04-04,Ceker,29,2,0
2025-04-04,Leher,5,2,0
2025-04-04,Cikua,6,2,0
2025-04-04,Sosis Kecil,11,2,0
2025-04-04,Sosis Besar,20,2,0
2025-04-04,Bakso,34,2,0
2025-04-04,Rais Boll Ayam Suwir,3,2,0
2025-04-04,Rais Boll Cumi Asin,3,2,0
2025-04-04,Tahu Bacem,5,2,0
2025-04-04,Tempe Bacem,3,2,0
2025-04-04,Nasi Kucing Ayam Suwir,2,2,0
2025-04-04,Nasi Kucing Cumi Asin,2,2,0
2025-04-05,Buntut,14,2,0
2025-04-05,Telur Puyuh,20,2,0
2025-04-05,Tahu,13,2,0
2025-04-05,Ampela,13,2,0
2025-04-05,Usus,11,2,0
2025-04-05,Ceker,32,2,0
2025-04-05,Leher,6,2,0
2025-04-05,Cikua,7,2,0
2025-04-05,Sosis Kecil,13,2,0
2025-04-05,Sosis Besar,27,2,0
2025-04-05,Bakso,38,2,0
2025-04-05,Rais Boll Ayam Suwir,3,2,0
2025-04-05,Rais Boll Cumi Asin,3,2,0
2025-04-05,Tahu Bacem,5,2,0
2025-04-05,Tempe Bacem,7,2,0
2025-04-05,Nasi Kucing Ayam Suwir,2,2,0
2025-04-05,Nasi Kucing Cumi Asin,3,2,0
2025-04-06,Buntut,14,2,0
2025-04-06,Telur Puyuh,21,2,0
2025-04-06,Tahu,11,2,0
2025-04-06,Ampela,11,2,0
2025-04-06,Usus,9,2,0
2025-04-06,Ceker,29,2,0
2025-04-06,Leher,5,2,0
2025-04-06,Cikua,7,2,0
2025-04-06,Sosis Kecil,13,2,0
2025-04-06,Sosis Besar,22,2,0
2025-04-06,Bakso,37,2,0
2025-04-06,Rais Boll Ayam Suwir,3,2,0
2025-04-06,Rais Boll Cumi Asin,3,2,0
2025-04-06,Tahu Bacem,5,2,0
2025-04-06,Tempe Bacem,5,2,0
2025-04-06,Nasi Kucing Ayam Suwir,2,2,0
2025-04-06,Nasi Kucing Cumi Asin,2,2,0
2025-04-07,Buntut,9,2,0
2025-04-07,Telur Puyuh,16,2,0
2025-04-07,Tahu,8,2,0
2025-04-07,Ampela,8,2,0
2025-04-07,Usus,6,2,0
2025-04-07,Ceker,21,2,0
2025-04-07,Leher,3,2,0
2025-04-07,Cikua,5,2,0
2025-04-07,Sosis Kecil,8,2,0
2025-04-07,Sosis Besar,11,2,0
2025-04-07,Bakso,25,2,0
2025-04-07,Rais Boll Ayam Suwir,2,2,0
2025-04-07,Rais Boll Cumi Asin,2,2,0
2025-04-07,Tahu Bacem,5,2,0
2025-04-07,Tempe Bacem,3,2,0
2025-04-07,Nasi Kucing Ayam Suwir,2,2,0
2025-04-07,Nasi Kucing Cumi Asin,2,2,0
2025-04-08,Buntut,9,2,0
2025-04-08,Telur Puyuh,13,2,0
2025-04-08,Tahu,9,2,0
2025-04-08,Ampela,10,2,0
2025-04-08,Usus,8,2,0
2025-04-08,Ceker,28,2,0
2025-04-08,Leher,2,2,0
2025-04-08,Cikua,6,2,0
2025-04-08,Sosis Kecil,10,2,0
2025-04-08,Sosis Besar,19,2,0
2025-04-08,Bakso,28,2,0
2025-04-08,Rais Boll Ayam Suwir,3,2,0
2025-04-08,Rais Boll Cumi Asin,2,2,0
2025-04-08,Tahu Bacem,4,2,0
2025-04-08,Tempe Bacem,3,2,0
2025-04-08,Nasi Kucing Ayam Suwir,2,2,0
2025-04-08,Nasi Kucing Cumi Asin,2,2,0
2025-04-09,Buntut,12,2,0
2025-04-09,Telur Puyuh,20,2,0
2025-04-09,Tahu,13,2,0
2025-04-09,Ampela,9,2,0
2025-04-09,Usus,8,2,0
2025-04-09,Ceker,24,2,0
2025-04-09,Leher,4,2,0
2025-04-09,Cikua,6,2,0
2025-04-09,Sosis Kecil,12,2,0
2025-04-09,Sosis Besar,17,2,0
2025-04-09,Bakso,32,2,0
2025-04-09,Rais Boll Ayam Suwir,3,2,0
2025-04-09,Rais Boll Cumi Asin,2,2,0
2025-04-09,Tahu Bacem,4,2,0
2025-04-09,Tempe Bacem,3,2,0
2025-04-09,Nasi Kucing Ayam Suwir,2,2,0
2025-04-09,Nasi Kucing Cumi Asin,2,2,0
2025-04-10,Buntut,9,2,0
2025-04-10,Telur Puyuh,17,2,0
2025-04-10,Tahu,9,2,0
2025-04-10,Ampela,8,2,0
2025-04-10,Usus,8,2,0
2025-04-10,Ceker,25,2,0
2025-04-10,Leher,4,2,0
2025-04-10,Cikua,7,2,0
2025-04-10,Sosis Kecil,11,2,0
2025-04-10,Sosis Besar,17,2,0
2025-04-10,Bakso,27,2,0
2025-04-10,Rais Boll Ayam Suwir,2,2,0
2025-04-10,Rais Boll Cumi Asin,2,2,0
2025-04-10,Tahu Bacem,4,2,0
2025-04-10,Tempe Bacem,4,2,0
2025-04-10,Nasi Kucing Ayam Suwir,2,2,0
2025-04-10,Nasi Kucing Cumi Asin,2,2,0
2025-04-11,Buntut,13,2,0
2025-04-11,Telur Puyuh,20,2,0
2025-04-11,Tahu,13,2,0
2025-04-11,Ampela,11,2,0
2025-04-11,Usus,7,2,0
2025-04-11,Ceker,27,2,0
2025-04-11,Leher,5,2,0
2025-04-11,Cikua,8,2,0
2025-04-11,Sosis Kecil,15,2,0
2025-04-11,Sosis Besar,21,2,0
2025-04-11,Bakso,40,2,0
2025-04-11,Rais Boll Ayam Suwir,3,2,0
2025-04-11,Rais Boll Cumi Asin,3,2,0
2025-04-11,Tahu Bacem,4,2,0
2025-04-11,Tempe Bacem,4,2,0
2025-04-11,Nasi Kucing Ayam Suwir,2,2,0
2025-04-11,Nasi Kucing Cumi Asin,2,2,0
2025-04-12,Buntut,15,2,0
2025-04-12,Telur Puyuh,20,2,0
2025-04-12,Tahu,12,2,0
2025-04-12,Ampela,12,2,0
2025-04-12,Usus,12,2,0
2025-04-12,Ceker,35,2,0
2025-04-12,Leher,5,2,0
2025-04-12,Cikua,8,2,0
2025-04-12,Sosis Kecil,16,2,0
2025-04-12,Sosis Besar,22,2,0
2025-04-12,Bakso,40,2,0
2025-04-12,Rais Boll Ayam Suwir,3,2,0
2025-04-12,Rais Boll Cumi Asin,2,2,0
2025-04-12,Tahu Bacem,5,2,0
2025-04-12,Tempe Bacem,5,2,0
2025-04-12,Nasi Kucing Ayam Suwir,3,2,0
2025-04-12,Nasi Kucing Cumi Asin,3,2,0
2025-04-13,Buntut,15,2,0
2025-04-13,Telur Puyuh,24,2,0
2025-04-13,Tahu,11,2,0
2025-04-13,Ampela,11,2,0
2025-04-13,Usus,10,2,0
2025-04-13,Ceker,31,2,0
2025-04-13,Leher,5,2,0
2025-04-13,Cikua,7,2,0
2025-04-13,Sosis Kecil,13,2,0
2025-04-13,Sosis Besar,25,2,0
2025-04-13,Bakso,34,2,0
2025-04-13,Rais Boll Ayam Suwir,3,2,0
2025-04-13,Rais Boll Cumi Asin,1,2,0
2025-04-13,Tahu Bacem,4,2,0
2025-04-13,Tempe Bacem,5,2,0
2025-04-13,Nasi Kucing Ayam Suwir,2,2,0
2025-04-13,Nasi Kucing Cumi Asin,2,2,0
2025-04-14,Buntut,9,2,0
2025-04-14,Telur Puyuh,18,2,0
2025-04-14,Tahu,9,2,0
2025-04-14,Ampela,9,2,0
2025-04-14,Usus,6,2,0
2025-04-14,Ceker,19,2,0
2025-04-14,Leher,5,2,0
2025-04-14,Cikua,5,2,0
2025-04-14,Sosis Kecil,11,2,0
2025-04-14,Sosis Besar,18,2,0
2025-04-14,Bakso,26,2,0
2025-04-14,Rais Boll Ayam Suwir,2,2,0
2025-04-14,Rais Boll Cumi Asin,2,2,0
2025-04-14,Tahu Bacem,3,2,0
2025-04-14,Tempe Bacem,3,2,0
2025-04-14,Nasi Kucing Ayam Suwir,2,2,0
2025-04-14,Nasi Kucing Cumi Asin,2,2,0
2025-04-15,Buntut,9,2,0
2025-04-15,Telur Puyuh,18,2,0
2025-04-15,Tahu,11,2,0
2025-04-15,Ampela,10,2,0
2025-04-15,Usus,9,2,0
2025-04-15,Ceker,19,2,0
2025-04-15,Leher,0,2,0
2025-04-15,Cikua,4,2,0
2025-04-15,Sosis Kecil,12,2,0
2025-04-15,Sosis Besar,18,2,0
2025-04-15,Bakso,29,2,0
2025-04-15,Rais Boll Ayam Suwir,3,2,0
2025-04-15,Rais Boll Cumi Asin,2,2,0
2025-04-15,Tahu Bacem,3,2,0
2025-04-15,Tempe Bacem,3,2,0
2025-04-15,Nasi Kucing Ayam Suwir,2,2,0
2025-04-15,Nasi Kucing Cumi Asin,2,2,0
2025-04-16,Buntut,10,2,0
2025-04-16,Telur Puyuh,16,2,0
2025-04-16,Tahu,9,2,0
2025-04-16,Ampela,9,2,0
2025-04-16,Usus,9,2,0
2025-04-16,Ceker,24,2,0
2025-04-16,Leher,4,2,0
2025-04-16,Cikua,4,2,0
2025-04-16,Sosis Kecil,10,2,0
2025-04-16,Sosis Besar,17,2,0
2025-04-16,Bakso,26,2,0
2025-04-16,Rais Boll Ayam Suwir,2,2,0
2025-04-16,Rais Boll Cumi Asin,2,2,0
2025-04-16,Tahu Bacem,4,2,0
2025-04-16,Tempe Bacem,4,2,0
2025-04-16,Nasi Kucing Ayam Suwir,2,2,0
2025-04-16,Nasi Kucing Cumi Asin,2,2,0
2025-04-17,Buntut,13,2,0
2025-04-17,Telur Puyuh,18,2,0
2025-04-17,Tahu,9,2,0
2025-04-17,Ampela,8,2,0
2025-04-17,Usus,8,2,0
2025-04-17,Ceker,26,2,0
2025-04-17,Leher,3,2,0
2025-04-17,Cikua,5,2,0
2025-04-17,Sosis Kecil,11,2,0
2025-04-17,Sosis Besar,19,2,0
2025-04-17,Bakso,33,2,0
2025-04-17,Rais Boll Ayam Suwir,3,2,0
2025-04-17,Rais Boll Cumi Asin,2,2,0
2025-04-17,Tahu Bacem,4,2,0
2025-04-17,Tempe Bacem,3,2,0
2025-04-17,Nasi Kucing Ayam Suwir,2,2,0
2025-04-17,Nasi Kucing Cumi Asin,2,2,0
2025-04-18,Buntut,21,1,1
2025-04-18,Telur Puyuh,33,1,1
2025-04-18,Tahu,15,1,1
2025-04-18,Ampela,18,1,1
2025-04-18,Usus,15,1,1
2025-04-18,Ceker,45,1,1
2025-04-18,Leher,6,1,1
2025-04-18,Cikua,10,1,1
2025-04-18,Sosis Kecil,18,1,1
2025-04-18,Sosis Besar,29,1,1
2025-04-18,Bakso,56,1,1
2025-04-18,Rais Boll Ayam Suwir,4,1,1
2025-04-18,Rais Boll Cumi Asin,4,1,1
2025-04-18,Tahu Bacem,7,1,1
2025-04-18,Tempe Bacem,6,1,1
2025-04-18,Nasi Kucing Ayam Suwir,4,1,1
2025-04-18,Nasi Kucing Cumi Asin,3,1,1
2025-04-19,Buntut,16,2,0
2025-04-19,Telur Puyuh,20,2,0
2025-04-19,Tahu,15,2,0
2025-04-19,Ampela,12,2,0
2025-04-19,Usus,14,2,0
2025-04-19,Ceker,31,2,0
2025-04-19,Leher,5,2,0
2025-04-19,Cikua,7,2,0
2025-04-19,Sosis Kecil,12,2,0
2025-04-19,Sosis Besar,27,2,0
2025-04-19,Bakso,43,2,0
2025-04-19,Rais Boll Ayam Suwir,3,2,0
2025-04-19,Rais Boll Cumi Asin,3,2,0
2025-04-19,Tahu Bacem,5,2,0
2025-04-19,Tempe Bacem,5,2,0
2025-04-19,Nasi Kucing Ayam Suwir,3,2,0
2025-04-19,Nasi Kucing Cumi Asin,3,2,0
2025-04-20,Buntut,14,2,0
2025-04-20,Telur Puyuh,18,2,0
2025-04-20,Tahu,15,2,0
2025-04-20,Ampela,11,2,0
2025-04-20,Usus,7,2,0
2025-04-20,Ceker,28,2,0
2025-04-20,Leher,4,2,0
2025-04-20,Cikua,7,2,0
2025-04-20,Sosis Kecil,14,2,0
2025-04-20,Sosis Besar,26,2,0
2025-04-20,Bakso,34,2,0
2025-04-20,Rais Boll Ayam Suwir,3,2,0
2025-04-20,Rais Boll Cumi Asin,3,2,0
2025-04-20,Tahu Bacem,5,2,0
2025-04-20,Tempe Bacem,4,2,0
2025-04-20,Nasi Kucing Ayam Suwir,2,2,0
2025-04-20,Nasi Kucing Cumi Asin,2,2,0
2025-04-21,Buntut,9,2,0
2025-04-21,Telur Puyuh,16,2,0
2025-04-21,Tahu,10,2,0
2025-04-21,Ampela,8,2,0
2025-04-21,Usus,7,2,0
2025-04-21,Ceker,23,2,0
2025-04-21,Leher,3,2,0
2025-04-21,Cikua,3,2,0
2025-04-21,Sosis Kecil,10,2,0
2025-04-21,Sosis Besar,17,2,0
2025-04-21,Bakso,27,2,0
2025-04-21,Rais Boll Ayam Suwir,2,2,0
2025-04-21,Rais Boll Cumi Asin,2,2,0
2025-04-21,Tahu Bacem,3,2,0
2025-04-21,Tempe Bacem,4,2,0
2025-04-21,Nasi Kucing Ayam Suwir,2,2,0
2025-04-21,Nasi Kucing Cumi Asin,2,2,0
2025-04-22,Buntut,10,2,0
2025-04-22,Telur Puyuh,16,2,0
2025-04-22,Tahu,10,2,0
2025-04-22,Ampela,10,2,0
2025-04-22,Usus,8,2,0
2025-04-22,Ceker,22,2,0
2025-04-22,Leher,0,2,0
2025-04-22,Cikua,5,2,0
2025-04-22,Sosis Kecil,9,2,0
2025-04-22,Sosis Besar,16,2,0
2025-04-22,Bakso,28,2,0
2025-04-22,Rais Boll Ayam Suwir,2,2,0
2025-04-22,Rais Boll Cumi Asin,2,2,0
2025-04-22,Tahu Bacem,3,2,0
2025-04-22,Tempe Bacem,3,2,0
2025-04-22,Nasi Kucing Ayam Suwir,2,2,0
2025-04-22,Nasi Kucing Cumi Asin,2,2,0
2025-04-23,Buntut,10,2,0
2025-04-23,Telur Puyuh,17,2,0
2025-04-23,Tahu,12,2,0
2025-04-23,Ampela,9,2,0
2025-04-23,Usus,6,2,0
2025-04-23,Ceker,21,2,0
2025-04-23,Leher,4,2,0
2025-04-23,Cikua,5,2,0
2025-04-23,Sosis Kecil,8,2,0
2025-04-23,Sosis Besar,19,2,0
2025-04-23,Bakso,30,2,0
2025-04-23,Rais Boll Ayam Suwir,2,2,0
2025-04-23,Rais Boll Cumi Asin,3,2,0
2025-04-23,Tahu Bacem,4,2,0
2025-04-23,Tempe Bacem,3,2,0
2025-04-23,Nasi Kucing Ayam Suwir,2,2,0
2025-04-23,Nasi Kucing Cumi Asin,2,2,0
2025-04-24,Buntut,11,2,0
2025-04-24,Telur Puyuh,19,2,0
2025-04-24,Tahu,13,2,0
2025-04-24,Ampela,7,2,0
2025-04-24,Usus,7,2,0
2025-04-24,Ceker,29,2,0
2025-04-24,Leher,4,2,0
2025-04-24,Cikua,4,2,0
2025-04-24,Sosis Kecil,13,2,0
2025-04-24,Sosis Besar,21,2,0
2025-04-24,Bakso,30,2,0
2025-04-24,Rais Boll Ayam Suwir,2,2,0
2025-04-24,Rais Boll Cumi Asin,3,2,0
2025-04-24,Tahu Bacem,4,2,0
2025-04-24,Tempe Bacem,4,2,0
2025-04-24,Nasi Kucing Ayam Suwir,2,2,0
2025-04-24,Nasi Kucing Cumi Asin,2,2,0
2025-04-25,Buntut,20,1,0
2025-04-25,Telur Puyuh,26,1,0
2025-04-25,Tahu,20,1,0
2025-04-25,Ampela,17,1,0
2025-04-25,Usus,13,1,0
2025-04-25,Ceker,42,1,0
2025-04-25,Leher,8,1,0
2025-04-25,Cikua,9,1,0
2025-04-25,Sosis Kecil,21,1,0
2025-04-25,Sosis Besar,30,1,0
2025-04-25,Bakso,54,1,0
2025-04-25,Rais Boll Ayam Suwir,5,1,0
2025-04-25,Rais Boll Cumi Asin,4,1,0
2025-04-25,Tahu Bacem,6,1,0
2025-04-25,Tempe Bacem,7,1,0
2025-04-25,Nasi Kucing Ayam Suwir,4,1,0
2025-04-25,Nasi Kucing Cumi Asin,3,1,0
2025-04-26,Buntut,15,2,0
2025-04-26,Telur Puyuh,22,2,0
2025-04-26,Tahu,11,2,0
2025-04-26,Ampela,12,2,0
2025-04-26,Usus,12,2,0
2025-04-26,Ceker,28,2,0
2025-04-26,Leher,6,2,0
2025-04-26,Cikua,7,2,0
2025-04-26,Sosis Kecil,13,2,0
2025-04-26,Sosis Besar,21,2,0
2025-04-26,Bakso,40,2,0
2025-04-26,Rais Boll Ayam Suwir,3,2,0
2025-04-26,Rais Boll Cumi Asin,3,2,0
2025-04-26,Tahu Bacem,5,2,0
2025-04-26,Tempe Bacem,6,2,0
2025-04-26,Nasi Kucing Ayam Suwir,3,2,0
2025-04-26,Nasi Kucing Cumi Asin,3,2,0
2025-04-27,Buntut,14,2,0
2025-04-27,Telur Puyuh,21,2,0
2025-04-27,Tahu,14,2,0
2025-04-27,Ampela,12,2,0
2025-04-27,Usus,10,2,0
2025-04-27,Ceker,34,2,0
2025-04-27,Leher,3,2,0
2025-04-27,Cikua,7,2,0
2025-04-27,Sosis Kecil,14,2,0
2025-04-27,Sosis Besar,19,2,0
2025-04-27,Bakso,38,2,0
2025-04-27,Rais Boll Ayam Suwir,3,2,0
2025-04-27,Rais Boll Cumi Asin,3,2,0
2025-04-27,Tahu Bacem,5,2,0
2025-04-27,Tempe Bacem,4,2,0
2025-04-27,Nasi Kucing Ayam Suwir,2,2,0
2025-04-27,Nasi Kucing Cumi Asin,2,2,0
2025-04-28,Buntut,10,2,0
2025-04-28,Telur Puyuh,15,2,0
2025-04-28,Tahu,6,2,0
2025-04-28,Ampela,9,2,0
2025-04-28,Usus,7,2,0
2025-04-28,Ceker,19,2,0
2025-04-28,Leher,3,2,0
2025-04-28,Cikua,3,2,0
2025-04-28,Sosis Kecil,8,2,0
2025-04-28,Sosis Besar,14,2,0
2025-04-28,Bakso,24,2,0
2025-04-28,Rais Boll Ayam Suwir,2,2,0
2025-04-28,Rais Boll Cumi Asin,2,2,0
2025-04-28,Tahu Bacem,3,2,0
2025-04-28,Tempe Bacem,3,2,0
2025-04-28,Nasi Kucing Ayam Suwir,2,2,0
2025-04-28,Nasi Kucing Cumi Asin,2,2,0
2025-04-29,Buntut,11,2,0
2025-04-29,Telur Puyuh,17,2,0
2025-04-29,Tahu,10,2,0
2025-04-29,Ampela,7,2,0
2025-04-29,Usus,9,2,0
2025-04-29,Ceker,19,2,0
2025-04-29,Leher,0,2,0
2025-04-29,Cikua,4,2,0
2025-04-29,Sosis Kecil,9,2,0
2025-04-29,Sosis Besar,16,2,0
2025-04-29,Bakso,29,2,0
2025-04-29,Rais Boll Ayam Suwir,2,2,0
2025-04-29,Rais Boll Cumi Asin,2,2,0
2025-04-29,Tahu Bacem,4,2,0
2025-04-29,Tempe Bacem,3,2,0
2025-04-29,Nasi Kucing Ayam Suwir,2,2,0
2025-04-29,Nasi Kucing Cumi Asin,2,2,0
2025-04-30,Buntut,12,2,0
2025-04-30,Telur Puyuh,19,2,0
2025-04-30,Tahu,12,2,0
2025-04-30,Ampela,9,2,0
2025-04-30,Usus,10,2,0
2025-04-30,Ceker,23,2,0
2025-04-30,Leher,3,2,0
2025-04-30,Cikua,6,2,0
2025-04-30,Sosis Kecil,11,2,0
2025-04-30,Sosis Besar,15,2,0
2025-04-30,Bakso,32,2,0
2025-04-30,Rais Boll Ayam Suwir,2,2,0
2025-04-30,Rais Boll Cumi Asin,2,2,0
2025-04-30,Tahu Bacem,4,2,0
2025-04-30,Tempe Bacem,3,2,0
2025-04-30,Nasi Kucing Ayam Suwir,2,2,0
2025-04-30,Nasi Kucing Cumi Asin,2,2,0
2025-05-01,Buntut,15,2,1
2025-05-01,Telur Puyuh,21,2,1
2025-05-01,Tahu,13,2,1
2025-05-01,Ampela,13,2,1
2025-05-01,Usus,7,2,1
2025-05-01,Ceker,31,2,1
2025-05-01,Leher,3,2,1
2025-05-01,Cikua,7,2,1
2025-05-01,Sosis Kecil,16,2,1
2025-05-01,Sosis Besar,22,2,1
2025-05-01,Bakso,34,2,1
2025-05-01,Rais Boll Ayam Suwir,3,2,1
2025-05-01,Rais Boll Cumi Asin,3,2,1
2025-05-01,Tahu Bacem,4,2,1
2025-05-01,Tempe Bacem,5,2,1
2025-05-01,Nasi Kucing Ayam Suwir,3,2,1
2025-05-01,Nasi Kucing Cumi Asin,2,2,1
2025-05-02,Buntut,13,2,0
2025-05-02,Telur Puyuh,25,2,0
2025-05-02,Tahu,11,2,0
2025-05-02,Ampela,11,2,0
2025-05-02,Usus,10,2,0
2025-05-02,Ceker,30,2,0
2025-05-02,Leher,5,2,0
2025-05-02,Cikua,8,2,0
2025-05-02,Sosis Kecil,13,2,0
2025-05-02,Sosis Besar,26,2,0
2025-05-02,Bakso,32,2,0
2025-05-02,Rais Boll Ayam Suwir,3,2,0
2025-05-02,Rais Boll Cumi Asin,2,2,0
2025-05-02,Tahu Bacem,4,2,0
2025-05-02,Tempe Bacem,5,2,0
2025-05-02,Nasi Kucing Ayam Suwir,2,2,0
2025-05-02,Nasi Kucing Cumi Asin,2,2,0
2025-05-03,Buntut,15,2,0
2025-05-03,Telur Puyuh,27,2,0
2025-05-03,Tahu,15,2,0
2025-05-03,Ampela,12,2,0
2025-05-03,Usus,12,2,0
2025-05-03,Ceker,33,2,0
2025-05-03,Leher,5,2,0
2025-05-03,Cikua,9,2,0
2025-05-03,Sosis Kecil,19,2,0
2025-05-03,Sosis Besar,26,2,0
2025-05-03,Bakso,40,2,0
2025-05-03,Rais Boll Ayam Suwir,3,2,0
2025-05-03,Rais Boll Cumi Asin,3,2,0
2025-05-03,Tahu Bacem,5,2,0
2025-05-03,Tempe Bacem,5,2,0
2025-05-03,Nasi Kucing Ayam Suwir,3,2,0
2025-05-03,Nasi Kucing Cumi Asin,3,2,0
2025-05-04,Buntut,14,2,0
2025-05-04,Telur Puyuh,20,2,0
2025-05-04,Tahu,11,2,0
2025-05-04,Ampela,9,2,0
2025-05-04,Usus,10,2,0
2025-05-04,Ceker,26,2,0
2025-05-04,Leher,4,2,0
2025-05-04,Cikua,0,2,0
2025-05-04,Sosis Kecil,15,2,0
2025-05-04,Sosis Besar,20,2,0
2025-05-04,Bakso,36,2,0
2025-05-04,Rais Boll Ayam Suwir,2,2,0
2025-05-04,Rais Boll Cumi Asin,3,2,0
2025-05-04,Tahu Bacem,4,2,0
2025-05-04,Tempe Bacem,4,2,0
2025-05-04,Nasi Kucing Ayam Suwir,3,2,0
2025-05-04,Nasi Kucing Cumi Asin,2,2,0
2025-05-05,Buntut,10,2,0
2025-05-05,Telur Puyuh,14,2,0
2025-05-05,Tahu,7,2,0
2025-05-05,Ampela,8,2,0
2025-05-05,Usus,7,2,0
2025-05-05,Ceker,17,2,0
2025-05-05,Leher,2,2,0
2025-05-05,Cikua,3,2,0
2025-05-05,Sosis Kecil,9,2,0
2025-05-05,Sosis Besar,13,2,0
2025-05-05,Bakso,27,2,0
2025-05-05,Rais Boll Ayam Suwir,2,2,0
2025-05-05,Rais Boll Cumi Asin,2,2,0
2025-05-05,Tahu Bacem,3,2,0
2025-05-05,Tempe Bacem,3,2,0
2025-05-05,Nasi Kucing Ayam Suwir,2,2,0
2025-05-05,Nasi Kucing Cumi Asin,2,2,0
2025-05-06,Buntut,10,2,0
2025-05-06,Telur Puyuh,17,2,0
2025-05-06,Tahu,10,2,0
2025-05-06,Ampela,10,2,0
2025-05-06,Usus,7,2,0
2025-05-06,Ceker,24,2,0
2025-05-06,Leher,3,2,0
2025-05-06,Cikua,7,2,0
2025-05-06,Sosis Kecil,11,2,0
2025-05-06,Sosis Besar,14,2,0
2025-05-06,Bakso,32,2,0
2025-05-06,Rais Boll Ayam Suwir,2,2,0
2025-05-06,Rais Boll Cumi Asin,2,2,0
2025-05-06,Tahu Bacem,3,2,0
2025-05-06,Tempe Bacem,4,2,0
2025-05-06,Nasi Kucing Ayam Suwir,2,2,0
2025-05-06,Nasi Kucing Cumi Asin,2,2,0
2025-05-07,Buntut,11,2,0
2025-05-07,Telur Puyuh,14,2,0
2025-05-07,Tahu,10,2,0
2025-05-07,Ampela,11,2,0
2025-05-07,Usus,5,2,0
2025-05-07,Ceker,26,2,0
2025-05-07,Leher,3,2,0
2025-05-07,Cikua,7,2,0
2025-05-07,Sosis Kecil,14,2,0
2025-05-07,Sosis Besar,23,2,0
2025-05-07,Bakso,32,2,0
2025-05-07,Rais Boll Ayam Suwir,2,2,0
2025-05-07,Rais Boll Cumi Asin,2,2,0
2025-05-07,Tahu Bacem,4,2,0
2025-05-07,Tempe Bacem,4,2,0
2025-05-07,Nasi Kucing Ayam Suwir,2,2,0
2025-05-07,Nasi Kucing Cumi Asin,2,2,0
2025-05-08,Buntut,11,2,0
2025-05-08,Telur Puyuh,17,2,0
2025-05-08,Tahu,8,2,0
2025-05-08,Ampela,10,2,0
2025-05-08,Usus,8,2,0
2025-05-08,Ceker,28,2,0
2025-05-08,Leher,4,2,0
2025-05-08,Cikua,6,2,0
2025-05-08,Sosis Kecil,11,2,0
2025-05-08,Sosis Besar,19,2,0
2025-05-08,Bakso,35,2,0
2025-05-08,Rais Boll Ayam Suwir,3,2,0
2025-05-08,Rais Boll Cumi Asin,3,2,0
2025-05-08,Tahu Bacem,3,2,0
2025-05-08,Tempe Bacem,4,2,0
2025-05-08,Nasi Kucing Ayam Suwir,2,2,0
2025-05-08,Nasi Kucing Cumi Asin,2,2,0
2025-05-09,Buntut,13,2,0
2025-05-09,Telur Puyuh,22,2,0
2025-05-09,Tahu,12,2,0
2025-05-09,Ampela,10,2,0
2025-05-09,Usus,10,2,0
2025-05-09,Ceker,30,2,0
2025-05-09,Leher,6,2,0
2025-05-09,Cikua,7,2,0
2025-05-09,Sosis Kecil,14,2,0
2025-05-09,Sosis Besar,19,2,0
2025-05-09,Bakso,31,2,0
2025-05-09,Rais Boll Ayam Suwir,3,2,0
2025-05-09,Rais Boll Cumi Asin,3,2,0
2025-05-09,Tahu Bacem,4,2,0
2025-05-09,Tempe Bacem,4,2,0
2025-05-09,Nasi Kucing Ayam Suwir,2,2,0
2025-05-09,Nasi Kucing Cumi Asin,2,2,0
2025-05-10,Buntut,13,2,0
2025-05-10,Telur Puyuh,21,2,0
2025-05-10,Tahu,12,2,0
2025-05-10,Ampela,14,2,0
2025-05-10,Usus,11,2,0
2025-05-10,Ceker,34,2,0
2025-05-10,Leher,4,2,0
2025-05-10,Cikua,7,2,0
2025-05-10,Sosis Kecil,14,2,0
2025-05-10,Sosis Besar,24,2,0
2025-05-10,Bakso,45,2,0
2025-05-10,Rais Boll Ayam Suwir,3,2,0
2025-05-10,Rais Boll Cumi Asin,3,2,0
2025-05-10,Tahu Bacem,5,2,0
2025-05-10,Tempe Bacem,5,2,0
2025-05-10,Nasi Kucing Ayam Suwir,2,2,0
2025-05-10,Nasi Kucing Cumi Asin,3,2,0
2025-05-11,Buntut,16,2,0
2025-05-11,Telur Puyuh,23,2,0
2025-05-11,Tahu,13,2,0
2025-05-11,Ampela,13,2,0
2025-05-11,Usus,10,2,0
2025-05-11,Ceker,34,2,0
2025-05-11,Leher,1,2,0
2025-05-11,Cikua,6,2,0
2025-05-11,Sosis Kecil,14,2,0
2025-05-11,Sosis Besar,25,2,0
2025-05-11,Bakso,39,2,0
2025-05-11,Rais Boll Ayam Suwir,3,2,0
2025-05-11,Rais Boll Cumi Asin,2,2,0
2025-05-11,Tahu Bacem,5,2,0
2025-05-11,Tempe Bacem,5,2,0
2025-05-11,Nasi Kucing Ayam Suwir,2,2,0
2025-05-11,Nasi Kucing Cumi Asin,2,2,0
2025-05-12,Buntut,9,2,1
2025-05-12,Telur Puyuh,10,2,1
2025-05-12,Tahu,7,2,1
2025-05-12,Ampela,6,2,1
2025-05-12,Usus,6,2,1
2025-05-12,Ceker,19,2,1
2025-05-12,Leher,2,2,1
2025-05-12,Cikua,5,2,1
2025-05-12,Sosis Kecil,9,2,1
2025-05-12,Sosis Besar,13,2,1
2025-05-12,Bakso,31,2,1
2025-05-12,Rais Boll Ayam Suwir,2,2,1
2025-05-12,Rais Boll Cumi Asin,2,2,1
2025-05-12,Tahu Bacem,3,2,1
2025-05-12,Tempe Bacem,3,2,1
2025-05-12,Nasi Kucing Ayam Suwir,2,2,1
2025-05-12,Nasi Kucing Cumi Asin,2,2,1
2025-05-13,Buntut,10,2,0
2025-05-13,Telur Puyuh,14,2,0
2025-05-13,Tahu,12,2,0
2025-05-13,Ampela,12,2,0
2025-05-13,Usus,6,2,0
2025-05-13,Ceker,21,2,0
2025-05-13,Leher,5,2,0
2025-05-13,Cikua,6,2,0
2025-05-13,Sosis Kecil,10,2,0
2025-05-13,Sosis Besar,12,2,0
2025-05-13,Bakso,24,2,0
2025-05-13,Rais Boll Ayam Suwir,2,2,0
2025-05-13,Rais Boll Cumi Asin,2,2,0
2025-05-13,Tahu Bacem,3,2,0
2025-05-13,Tempe Bacem,3,2,0
2025-05-13,Nasi Kucing Ayam Suwir,1,2,0
2025-05-13,Nasi Kucing Cumi Asin,2,2,0
2025-05-14,Buntut,11,2,0
2025-05-14,Telur Puyuh,20,2,0
2025-05-14,Tahu,10,2,0
2025-05-14,Ampela,9,2,0
2025-05-14,Usus,9,2,0
2025-05-14,Ceker,25,2,0
2025-05-14,Leher,4,2,0
2025-05-14,Cikua,6,2,0
2025-05-14,Sosis Kecil,12,2,0
2025-05-14,Sosis Besar,17,2,0
2025-05-14,Bakso,27,2,0
2025-05-14,Rais Boll Ayam Suwir,3,2,0
2025-05-14,Rais Boll Cumi Asin,3,2,0
2025-05-14,Tahu Bacem,4,2,0
2025-05-14,Tempe Bacem,3,2,0
2025-05-14,Nasi Kucing Ayam Suwir,2,2,0
2025-05-14,Nasi Kucing Cumi Asin,2,2,0
2025-05-15,Buntut,12,2,0
2025-05-15,Telur Puyuh,22,2,0
2025-05-15,Tahu,11,2,0
2025-05-15,Ampela,9,2,0
2025-05-15,Usus,6,2,0
2025-05-15,Ceker,25,2,0
2025-05-15,Leher,3,2,0
2025-05-15,Cikua,6,2,0
2025-05-15,Sosis Kecil,12,2,0
2025-05-15,Sosis Besar,21,2,0
2025-05-15,Bakso,29,2,0
2025-05-15,Rais Boll Ayam Suwir,2,2,0
2025-05-15,Rais Boll Cumi Asin,2,2,0
2025-05-15,Tahu Bacem,4,2,0
2025-05-15,Tempe Bacem,4,2,0
2025-05-15,Nasi Kucing Ayam Suwir,2,2,0
2025-05-15,Nasi Kucing Cumi Asin,2,2,0
2025-05-16,Buntut,14,2,0
2025-05-16,Telur Puyuh,18,2,0
2025-05-16,Tahu,11,2,0
2025-05-16,Ampela,11,2,0
2025-05-16,Usus,10,2,0
2025-05-16,Ceker,25,2,0
2025-05-16,Leher,5,2,0
2025-05-16,Cikua,6,2,0
2025-05-16,Sosis Kecil,11,2,0
2025-05-16,Sosis Besar,23,2,0
2025-05-16,Bakso,41,2,0
2025-05-16,Rais Boll Ayam Suwir,3,2,0
2025-05-16,Rais Boll Cumi Asin,2,2,0
2025-05-16,Tahu Bacem,4,2,0
2025-05-16,Tempe Bacem,4,2,0
2025-05-16,Nasi Kucing Ayam Suwir,3,2,0
2025-05-16,Nasi Kucing Cumi Asin,2,2,0
2025-05-17,Buntut,17,2,0
2025-05-17,Telur Puyuh,24,2,0
2025-05-17,Tahu,14,2,0
2025-05-17,Ampela,12,2,0
2025-05-17,Usus,10,2,0
2025-05-17,Ceker,39,2,0
2025-05-17,Leher,5,2,0
2025-05-17,Cikua,10,2,0
2025-05-17,Sosis Kecil,17,2,0
2025-05-17,Sosis Besar,26,2,0
2025-05-17,Bakso,40,2,0
2025-05-17,Rais Boll Ayam Suwir,3,2,0
2025-05-17,Rais Boll Cumi Asin,3,2,0
2025-05-17,Tahu Bacem,4,2,0
2025-05-17,Tempe Bacem,5,2,0
2025-05-17,Nasi Kucing Ayam Suwir,3,2,0
2025-05-17,Nasi Kucing Cumi Asin,2,2,0
2025-05-18,Buntut,14,2,0
2025-05-18,Telur Puyuh,21,2,0
2025-05-18,Tahu,12,2,0
2025-05-18,Ampela,10,2,0
2025-05-18,Usus,8,2,0
2025-05-18,Ceker,31,2,0
2025-05-18,Leher,4,2,0
2025-05-18,Cikua,9,2,0
2025-05-18,Sosis Kecil,16,2,0
2025-05-18,Sosis Besar,20,2,0
2025-05-18,Bakso,31,2,0
2025-05-18,Rais Boll Ayam Suwir,3,2,0
2025-05-18,Rais Boll Cumi Asin,2,2,0
2025-05-18,Tahu Bacem,5,2,0
2025-05-18,Tempe Bacem,5,2,0
2025-05-18,Nasi Kucing Ayam Suwir,2,2,0
2025-05-18,Nasi Kucing Cumi Asin,2,2,0
2025-05-19,Buntut,11,2,0
2025-05-19,Telur Puyuh,14,2,0
2025-05-19,Tahu,13,2,0
2025-05-19,Ampela,6,2,0
2025-05-19,Usus,8,2,0
2025-05-19,Ceker,23,2,0
2025-05-19,Leher,4,2,0
2025-05-19,Cikua,4,2,0
2025-05-19,Sosis Kecil,7,2,0
2025-05-19,Sosis Besar,15,2,0
2025-05-19,Bakso,30,2,0
2025-05-19,Rais Boll Ayam Suwir,2,2,0
2025-05-19,Rais Boll Cumi Asin,1,2,0
2025-05-19,Tahu Bacem,4,2,0
2025-05-19,Tempe Bacem,4,2,0
2025-05-19,Nasi Kucing Ayam Suwir,2,2,0
2025-05-19,Nasi Kucing Cumi Asin,2,2,0
2025-05-20,Buntut,10,2,0
2025-05-20,Telur Puyuh,15,2,0
2025-05-20,Tahu,9,2,0
2025-05-20,Ampela,10,2,0
2025-05-20,Usus,7,2,0
2025-05-20,Ceker,22,2,0
2025-05-20,Leher,3,2,0
2025-05-20,Cikua,6,2,0
2025-05-20,Sosis Kecil,10,2,0
2025-05-20,Sosis Besar,14,2,0
2025-05-20,Bakso,28,2,0
2025-05-20,Rais Boll Ayam Suwir,2,2,0
2025-05-20,Rais Boll Cumi Asin,2,2,0
2025-05-20,Tahu Bacem,3,2,0
2025-05-20,Tempe Bacem,3,2,0
2025-05-20,Nasi Kucing Ayam Suwir,2,2,0
2025-05-20,Nasi Kucing Cumi Asin,2,2,0
2025-05-21,Buntut,16,1,0
2025-05-21,Telur Puyuh,20,1,0
2025-05-21,Tahu,16,1,0
2025-05-21,Ampela,14,1,0
2025-05-21,Usus,12,1,0
2025-05-21,Ceker,34,1,0
2025-05-21,Leher,6,1,0
2025-05-21,Cikua,7,1,0
2025-05-21,Sosis Kecil,18,1,0
2025-05-21,Sosis Besar,32,1,0
2025-05-21,Bakso,40,1,0
2025-05-21,Rais Boll Ayam Suwir,3,1,0
2025-05-21,Rais Boll Cumi Asin,3,1,0
2025-05-21,Tahu Bacem,6,1,0
2025-05-21,Tempe Bacem,6,1,0
2025-05-21,Nasi Kucing Ayam Suwir,3,1,0
2025-05-21,Nasi Kucing Cumi Asin,3,1,0
2025-05-22,Buntut,10,2,0
2025-05-22,Telur Puyuh,19,2,0
2025-05-22,Tahu,12,2,0
2025-05-22,Ampela,11,2,0
2025-05-22,Usus,8,2,0
2025-05-22,Ceker,27,2,0
2025-05-22,Leher,4,2,0
2025-05-22,Cikua,5,2,0
2025-05-22,Sosis Kecil,12,2,0
2025-05-22,Sosis Besar,19,2,0
2025-05-22,Bakso,33,2,0
2025-05-22,Rais Boll Ayam Suwir,3,2,0
2025-05-22,Rais Boll Cumi Asin,2,2,0
2025-05-22,Tahu Bacem,3,2,0
2025-05-22,Tempe Bacem,4,2,0
2025-05-22,Nasi Kucing Ayam Suwir,2,2,0
2025-05-22,Nasi Kucing Cumi Asin,2,2,0
2025-05-23,Buntut,13,2,0
2025-05-23,Telur Puyuh,20,2,0
2025-05-23,Tahu,7,2,0
2025-05-23,Ampela,11,2,0
2025-05-23,Usus,9,2,0
2025-05-23,Ceker,25,2,0
2025-05-23,Leher,5,2,0
2025-05-23,Cikua,7,2,0
2025-05-23,Sosis Kecil,13,2,0
2025-05-23,Sosis Besar,25,2,0
2025-05-23,Bakso,36,2,0
2025-05-23,Rais Boll Ayam Suwir,3,2,0
2025-05-23,Rais Boll Cumi Asin,3,2,0
2025-05-23,Tahu Bacem,5,2,0
2025-05-23,Tempe Bacem,4,2,0
2025-05-23,Nasi Kucing Ayam Suwir,3,2,0
2025-05-23,Nasi Kucing Cumi Asin,2,2,0
2025-05-24,Buntut,14,2,0
2025-05-24,Telur Puyuh,24,2,0
2025-05-24,Tahu,15,2,0
2025-05-24,Ampela,15,2,0
2025-05-24,Usus,10,2,0
2025-05-24,Ceker,28,2,0
2025-05-24,Leher,5,2,0
2025-05-24,Cikua,6,2,0
2025-05-24,Sosis Kecil,17,2,0
2025-05-24,Sosis Besar,26,2,0
2025-05-24,Bakso,42,2,0
2025-05-24,Rais Boll Ayam Suwir,3,2,0
2025-05-24,Rais Boll Cumi Asin,3,2,0
2025-05-24,Tahu Bacem,5,2,0
2025-05-24,Tempe Bacem,5,2,0
2025-05-24,Nasi Kucing Ayam Suwir,3,2,0
2025-05-24,Nasi Kucing Cumi Asin,2,2,0
2025-05-25,Buntut,14,2,0
2025-05-25,Telur Puyuh,21,2,0
2025-05-25,Tahu,11,2,0
2025-05-25,Ampela,11,2,0
2025-05-25,Usus,12,2,0
2025-05-25,Ceker,24,2,0
2025-05-25,Leher,5,2,0
2025-05-25,Cikua,8,2,0
2025-05-25,Sosis Kecil,14,2,0
2025-05-25,Sosis Besar,26,2,0
2025-05-25,Bakso,36,2,0
2025-05-25,Rais Boll Ayam Suwir,3,2,0
2025-05-25,Rais Boll Cumi Asin,3,2,0
2025-05-25,Tahu Bacem,5,2,0
2025-05-25,Tempe Bacem,4,2,0
2025-05-25,Nasi Kucing Ayam Suwir,2,2,0
2025-05-25,Nasi Kucing Cumi Asin,2,2,0
2025-05-26,Buntut,0,1,0
2025-05-26,Telur Puyuh,0,1,0
2025-05-26,Tahu,0,1,0
2025-05-26,Ampela,0,1,0
2025-05-26,Usus,0,1,0
2025-05-26,Ceker,0,1,0
2025-05-26,Leher,0,1,0
2025-05-26,Cikua,0,1,0
2025-05-26,Sosis Kecil,0,1,0
2025-05-26,Sosis Besar,0,1,0
2025-05-26,Bakso,0,1,0
2025-05-26,Rais Boll Ayam Suwir,0,1,0
2025-05-26,Rais Boll Cumi Asin,0,1,0
2025-05-26,Tahu Bacem,0,1,0
2025-05-26,Tempe Bacem,0,1,0
2025-05-26,Nasi Kucing Ayam Suwir,0,1,0
2025-05-26,Nasi Kucing Cumi Asin,0,1,0
2025-05-27,Buntut,9,2,0
2025-05-27,Telur Puyuh,17,2,0
2025-05-27,Tahu,11,2,0
2025-05-27,Ampela,9,2,0
2025-05-27,Usus,5,2,0
2025-05-27,Ceker,21,2,0
2025-05-27,Leher,3,2,0
2025-05-27,Cikua,7,2,0
2025-05-27,Sosis Kecil,9,2,0
2025-05-27,Sosis Besar,19,2,0
2025-05-27,Bakso,31,2,0
2025-05-27,Rais Boll Ayam Suwir,2,2,0
2025-05-27,Rais Boll Cumi Asin,2,2,0
2025-05-27,Tahu Bacem,4,2,0
2025-05-27,Tempe Bacem,3,2,0
2025-05-27,Nasi Kucing Ayam Suwir,2,2,0
2025-05-27,Nasi Kucing Cumi Asin,2,2,0
2025-05-28,Buntut,9,2,0
2025-05-28,Telur Puyuh,14,2,0
2025-05-28,Tahu,10,2,0
2025-05-28,Ampela,8,2,0
2025-05-28,Usus,7,2,0
2025-05-28,Ceker,23,2,0
2025-05-28,Leher,3,2,0
2025-05-28,Cikua,7,2,0
2025-05-28,Sosis Kecil,10,2,0
2025-05-28,Sosis Besar,18,2,0
2025-05-28,Bakso,25,2,0
2025-05-28,Rais Boll Ayam Suwir,2,2,0
2025-05-28,Rais Boll Cumi Asin,2,2,0
2025-05-28,Tahu Bacem,3,2,0
2025-05-28,Tempe Bacem,3,2,0
2025-05-28,Nasi Kucing Ayam Suwir,2,2,0
2025-05-28,Nasi Kucing Cumi Asin,2,2,0
2025-05-29,Buntut,17,1,1
2025-05-29,Telur Puyuh,30,1,1
2025-05-29,Tahu,16,1,1
2025-05-29,Ampela,14,1,1
2025-05-29,Usus,13,1,1
2025-05-29,Ceker,42,1,1
2025-05-29,Leher,5,1,1
2025-05-29,Cikua,9,1,1
2025-05-29,Sosis Kecil,15,1,1
2025-05-29,Sosis Besar,27,1,1
2025-05-29,Bakso,50,1,1
2025-05-29,Rais Boll Ayam Suwir,3,1,1
2025-05-29,Rais Boll Cumi Asin,3,1,1
2025-05-29,Tahu Bacem,5,1,1
2025-05-29,Tempe Bacem,5,1,1
2025-05-29,Nasi Kucing Ayam Suwir,3,1,1
2025-05-29,Nasi Kucing Cumi Asin,3,1,1
2025-05-30,Buntut,13,2,0
2025-05-30,Telur Puyuh,18,2,0
2025-05-30,Tahu,14,2,0
2025-05-30,Ampela,11,2,0
2025-05-30,Usus,9,2,0
2025-05-30,Ceker,28,2,0
2025-05-30,Leher,4,2,0
2025-05-30,Cikua,7,2,0
2025-05-30,Sosis Kecil,14,2,0
2025-05-30,Sosis Besar,18,2,0
2025-05-30,Bakso,38,2,0
2025-05-30,Rais Boll Ayam Suwir,3,2,0
2025-05-30,Rais Boll Cumi Asin,2,2,0
2025-05-30,Tahu Bacem,5,2,0
2025-05-30,Tempe Bacem,4,2,0
2025-05-30,Nasi Kucing Ayam Suwir,2,2,0
2025-05-30,Nasi Kucing Cumi Asin,2,2,0
2025-05-31,Buntut,15,2,0
2025-05-31,Telur Puyuh,21,2,0
2025-05-31,Tahu,12,2,0
2025-05-31,Ampela,14,2,0
2025-05-31,Usus,12,2,0
2025-05-31,Ceker,32,2,0
2025-05-31,Leher,5,2,0
2025-05-31,Cikua,5,2,0
2025-05-31,Sosis Kecil,14,2,0
2025-05-31,Sosis Besar,26,2,0
2025-05-31,Bakso,39,2,0
2025-05-31,Rais Boll Ayam Suwir,3,2,0
2025-05-31,Rais Boll Cumi Asin,3,2,0
2025-05-31,Tahu Bacem,5,2,0
2025-05-31,Tempe Bacem,5,2,0
2025-05-31,Nasi Kucing Ayam Suwir,3,2,0
2025-05-31,Nasi Kucing Cumi Asin,2,2,0
2025-06-01,Buntut,17,2,1
2025-06-01,Telur Puyuh,29,2,1
2025-06-01,Tahu,15,2,1
2025-06-01,Ampela,10,2,1
2025-06-01,Usus,12,2,1
2025-06-01,Ceker,34,2,1
2025-06-01,Leher,5,2,1
2025-06-01,Cikua,8,2,1
2025-06-01,Sosis Kecil,20,2,1
2025-06-01,Sosis Besar,25,2,1
2025-06-01,Bakso,43,2,1
2025-06-01,Rais Boll Ayam Suwir,3,2,1
2025-06-01,Rais Boll Cumi Asin,3,2,1
2025-06-01,Tahu Bacem,5,2,1
2025-06-01,Tempe Bacem,6,2,1
2025-06-01,Nasi Kucing Ayam Suwir,3,2,1
2025-06-01,Nasi Kucing Cumi Asin,2,2,1
2025-06-02,Buntut,9,2,0
2025-06-02,Telur Puyuh,14,2,0
2025-06-02,Tahu,10,2,0
2025-06-02,Ampela,7,2,0
2025-06-02,Usus,7,2,0
2025-06-02,Ceker,18,2,0
2025-06-02,Leher,3,2,0
2025-06-02,Cikua,5,2,0
2025-06-02,Sosis Kecil,10,2,0
2025-06-02,Sosis Besar,16,2,0
2025-06-02,Bakso,24,2,0
2025-06-02,Rais Boll Ayam Suwir,2,2,0
2025-06-02,Rais Boll Cumi Asin,2,2,0
2025-06-02,Tahu Bacem,2,2,0
2025-06-02,Tempe Bacem,3,2,0
2025-06-02,Nasi Kucing Ayam Suwir,2,2,0
2025-06-02,Nasi Kucing Cumi Asin,2,2,0
2025-06-03,Buntut,0,2,0
2025-06-03,Telur Puyuh,0,2,0
2025-06-03,Tahu,0,2,0
2025-06-03,Ampela,0,2,0
2025-06-03,Usus,0,2,0
2025-06-03,Ceker,0,2,0
2025-06-03,Leher,0,2,0
2025-06-03,Cikua,0,2,0
2025-06-03,Sosis Kecil,0,2,0
2025-06-03,Sosis Besar,0,2,0
2025-06-03,Bakso,0,2,0
2025-06-03,Rais Boll Ayam Suwir,0,2,0
2025-06-03,Rais Boll Cumi Asin,0,2,0
2025-06-03,Tahu Bacem,0,2,0
2025-06-03,Tempe Bacem,0,2,0
2025-06-03,Nasi Kucing Ayam Suwir,0,2,0
2025-06-03,Nasi Kucing Cumi Asin,0,2,0
2025-06-04,Buntut,10,2,0
2025-06-04,Telur Puyuh,13,2,0
2025-06-04,Tahu,11,2,0
2025-06-04,Ampela,9,2,0
2025-06-04,Usus,5,2,0
2025-06-04,Ceker,22,2,0
2025-06-04,Leher,2,2,0
2025-06-04,Cikua,5,2,0
2025-06-04,Sosis Kecil,11,2,0
2025-06-04,Sosis Besar,19,2,0
2025-06-04,Bakso,30,2,0
2025-06-04,Rais Boll Ayam Suwir,2,2,0
2025-06-04,Rais Boll Cumi Asin,2,2,0
2025-06-04,Tahu Bacem,4,2,0
2025-06-04,Tempe Bacem,3,2,0
2025-06-04,Nasi Kucing Ayam Suwir,2,2,0
2025-06-04,Nasi Kucing Cumi Asin,2,2,0
2025-06-05,Buntut,12,2,0
2025-06-05,Telur Puyuh,15,2,0
2025-06-05,Tahu,12,2,0
2025-06-05,Ampela,12,2,0
2025-06-05,Usus,7,2,0
2025-06-05,Ceker,26,2,0
2025-06-05,Leher,2,2,0
2025-06-05,Cikua,6,2,0
2025-06-05,Sosis Kecil,12,2,0
2025-06-05,Sosis Besar,18,2,0
2025-06-05,Bakso,33,2,0
2025-06-05,Rais Boll Ayam Suwir,3,2,0
2025-06-05,Rais Boll Cumi Asin,2,2,0
2025-06-05,Tahu Bacem,4,2,0
2025-06-05,Tempe Bacem,3,2,0
2025-06-05,Nasi Kucing Ayam Suwir,2,2,0
2025-06-05,Nasi Kucing Cumi Asin,2,2,0
2025-06-06,Buntut,8,1,1
2025-06-06,Telur Puyuh,12,1,1
2025-06-06,Tahu,6,1,1
2025-06-06,Ampela,8,1,1
2025-06-06,Usus,4,1,1
2025-06-06,Ceker,17,1,1
2025-06-06,Leher,2,1,1
2025-06-06,Cikua,3,1,1
2025-06-06,Sosis Kecil,7,1,1
2025-06-06,Sosis Besar,12,1,1
2025-06-06,Bakso,21,1,1
2025-06-06,Rais Boll Ayam Suwir,1,1,1
2025-06-06,Rais Boll Cumi Asin,2,1,1
2025-06-06,Tahu Bacem,2,1,1
2025-06-06,Tempe Bacem,3,1,1
2025-06-06,Nasi Kucing Ayam Suwir,1,1,1
2025-06-06,Nasi Kucing Cumi Asin,1,1,1
2025-06-07,Buntut,5,2,0
2025-06-07,Telur Puyuh,7,2,0
2025-06-07,Tahu,6,2,0
2025-06-07,Ampela,7,2,0
2025-06-07,Usus,5,2,0
2025-06-07,Ceker,17,2,0
2025-06-07,Leher,1,2,0
2025-06-07,Cikua,0,2,0
2025-06-07,Sosis Kecil,8,2,0
2025-06-07,Sosis Besar,10,2,0
2025-06-07,Bakso,18,2,0
2025-06-07,Rais Boll Ayam Suwir,1,2,0
2025-06-07,Rais Boll Cumi Asin,1,2,0
2025-06-07,Tahu Bacem,3,2,0
2025-06-07,Tempe Bacem,2,2,0
2025-06-07,Nasi Kucing Ayam Suwir,1,2,0
2025-06-07,Nasi Kucing Cumi Asin,1,2,0
2025-06-08,Buntut,7,2,0
2025-06-08,Telur Puyuh,8,2,0
2025-06-08,Tahu,7,2,0
2025-06-08,Ampela,4,2,0
2025-06-08,Usus,5,2,0
2025-06-08,Ceker,15,2,0
2025-06-08,Leher,2,2,0
2025-06-08,Cikua,2,2,0
2025-06-08,Sosis Kecil,8,2,0
2025-06-08,Sosis Besar,9,2,0
2025-06-08,Bakso,11,2,0
2025-06-08,Rais Boll Ayam Suwir,1,2,0
2025-06-08,Rais Boll Cumi Asin,1,2,0
2025-06-08,Tahu Bacem,2,2,0
2025-06-08,Tempe Bacem,1,2,0
2025-06-08,Nasi Kucing Ayam Suwir,1,2,0
2025-06-08,Nasi Kucing Cumi Asin,1,2,0
2025-06-09,Buntut,11,2,0
2025-06-09,Telur Puyuh,12,2,0
2025-06-09,Tahu,4,2,0
2025-06-09,Ampela,6,2,0
2025-06-09,Usus,5,2,0
2025-06-09,Ceker,18,2,0
2025-06-09,Leher,2,2,0
2025-06-09,Cikua,6,2,0
2025-06-09,Sosis Kecil,9,2,0
2025-06-09,Sosis Besar,13,2,0
2025-06-09,Bakso,23,2,0
2025-06-09,Rais Boll Ayam Suwir,2,2,0
2025-06-09,Rais Boll Cumi Asin,2,2,0
2025-06-09,Tahu Bacem,2,2,0
2025-06-09,Tempe Bacem,3,2,0
2025-06-09,Nasi Kucing Ayam Suwir,2,2,0
2025-06-09,Nasi Kucing Cumi Asin,2,2,0
2025-06-10,Buntut,9,2,0
2025-06-10,Telur Puyuh,18,2,0
2025-06-10,Tahu,9,2,0
2025-06-10,Ampela,7,2,0
2025-06-10,Usus,9,2,0
2025-06-10,Ceker,23,2,0
2025-06-10,Leher,3,2,0
2025-06-10,Cikua,7,2,0
2025-06-10,Sosis Kecil,11,2,0
2025-06-10,Sosis Besar,15,2,0
2025-06-10,Bakso,25,2,0
2025-06-10,Rais Boll Ayam Suwir,2,2,0
2025-06-10,Rais Boll Cumi Asin,2,2,0
2025-06-10,Tahu Bacem,3,2,0
2025-06-10,Tempe Bacem,4,2,0
2025-06-10,Nasi Kucing Ayam Suwir,2,2,0
2025-06-10,Nasi Kucing Cumi Asin,2,2,0
2025-06-11,Buntut,15,1,0
2025-06-11,Telur Puyuh,21,1,0
2025-06-11,Tahu,14,1,0
2025-06-11,Ampela,15,1,0
2025-06-11,Usus,12,1,0
2025-06-11,Ceker,30,1,0
2025-06-11,Leher,4,1,0
2025-06-11,Cikua,8,1,0
2025-06-11,Sosis Kecil,16,1,0
2025-06-11,Sosis Besar,28,1,0
2025-06-11,Bakso,47,1,0
2025-06-11,Rais Boll Ayam Suwir,4,1,0
2025-06-11,Rais Boll Cumi Asin,3,1,0
2025-06-11,Tahu Bacem,5,1,0
2025-06-11,Tempe Bacem,5,1,0
2025-06-11,Nasi Kucing Ayam Suwir,3,1,0
2025-06-11,Nasi Kucing Cumi Asin,3,1,0
2025-06-12,Buntut,12,2,0
2025-06-12,Telur Puyuh,15,2,0
2025-06-12,Tahu,11,2,0
2025-06-12,Ampela,8,2,0
2025-06-12,Usus,7,2,0
2025-06-12,Ceker,22,2,0
2025-06-12,Leher,3,2,0
2025-06-12,Cikua,6,2,0
2025-06-12,Sosis Kecil,10,2,0
2025-06-12,Sosis Besar,20,2,0
2025-06-12,Bakso,32,2,0
2025-06-12,Rais Boll Ayam Suwir,3,2,0
2025-06-12,Rais Boll Cumi Asin,2,2,0
2025-06-12,Tahu Bacem,4,2,0
2025-06-12,Tempe Bacem,4,2,0
2025-06-12,Nasi Kucing Ayam Suwir,2,2,0
2025-06-12,Nasi Kucing Cumi Asin,2,2,0
2025-06-13,Buntut,13,2,0
2025-06-13,Telur Puyuh,20,2,0
2025-06-13,Tahu,11,2,0
2025-06-13,Ampela,10,2,0
2025-06-13,Usus,8,2,0
2025-06-13,Ceker,31,2,0
2025-06-13,Leher,4,2,0
2025-06-13,Cikua,7,2,0
2025-06-13,Sosis Kecil,14,2,0
2025-06-13,Sosis Besar,24,2,0
2025-06-13,Bakso,35,2,0
2025-06-13,Rais Boll Ayam Suwir,3,2,0
2025-06-13,Rais Boll Cumi Asin,2,2,0
2025-06-13,Tahu Bacem,4,2,0
2025-06-13,Tempe Bacem,4,2,0
2025-06-13,Nasi Kucing Ayam Suwir,2,2,0
2025-06-13,Nasi Kucing Cumi Asin,2,2,0
2025-06-14,Buntut,13,2,0
2025-06-14,Telur Puyuh,21,2,0
2025-06-14,Tahu,15,2,0
2025-06-14,Ampela,13,2,0
2025-06-14,Usus,13,2,0
2025-06-14,Ceker,31,2,0
2025-06-14,Leher,5,2,0
2025-06-14,Cikua,9,2,0
2025-06-14,Sosis Kecil,15,2,0
2025-06-14,Sosis Besar,24,2,0
2025-06-14,Bakso,39,2,0
2025-06-14,Rais Boll Ayam Suwir,3,2,0
2025-06-14,Rais Boll Cumi Asin,3,2,0
2025-06-14,Tahu Bacem,5,2,0
2025-06-14,Tempe Bacem,4,2,0
2025-06-14,Nasi Kucing Ayam Suwir,2,2,0
2025-06-14,Nasi Kucing Cumi Asin,2,2,0
2025-06-15,Buntut,12,2,0
2025-06-15,Telur Puyuh,18,2,0
2025-06-15,Tahu,11,2,0
2025-06-15,Ampela,15,2,0
2025-06-15,Usus,10,2,0
2025-06-15,Ceker,26,2,0
2025-06-15,Leher,5,2,0
2025-06-15,Cikua,7,2,0
2025-06-15,Sosis Kecil,14,2,0
2025-06-15,Sosis Besar,22,2,0
2025-06-15,Bakso,31,2,0
2025-06-15,Rais Boll Ayam Suwir,3,2,0
2025-06-15,Rais Boll Cumi Asin,3,2,0
2025-06-15,Tahu Bacem,5,2,0
2025-06-15,Tempe Bacem,5,2,0
2025-06-15,Nasi Kucing Ayam Suwir,2,2,0
2025-06-15,Nasi Kucing Cumi Asin,2,2,0
2025-06-16,Buntut,10,2,0
2025-06-16,Telur Puyuh,15,2,0
2025-06-16,Tahu,9,2,0
2025-06-16,Ampela,8,2,0
2025-06-16,Usus,5,2,0
2025-06-16,Ceker,21,2,0
2025-06-16,Leher,4,2,0
2025-06-16,Cikua,4,2,0
2025-06-16,Sosis Kecil,3,2,0
2025-06-16,Sosis Besar,13,2,0
2025-06-16,Bakso,27,2,0
2025-06-16,Rais Boll Ayam Suwir,2,2,0
2025-06-16,Rais Boll Cumi Asin,2,2,0
2025-06-16,Tahu Bacem,3,2,0
2025-06-16,Tempe Bacem,3,2,0
2025-06-16,Nasi Kucing Ayam Suwir,2,2,0
2025-06-16,Nasi Kucing Cumi Asin,2,2,0
2025-06-17,Buntut,11,2,0
2025-06-17,Telur Puyuh,18,2,0
2025-06-17,Tahu,9,2,0
2025-06-17,Ampela,9,2,0
2025-06-17,Usus,7,2,0
2025-06-17,Ceker,20,2,0
2025-06-17,Leher,4,2,0
2025-06-17,Cikua,4,2,0
2025-06-17,Sosis Kecil,12,2,0
2025-06-17,Sosis Besar,15,2,0
2025-06-17,Bakso,30,2,0
2025-06-17,Rais Boll Ayam Suwir,2,2,0
2025-06-17,Rais Boll Cumi Asin,2,2,0
2025-06-17,Tahu Bacem,3,2,0
2025-06-17,Tempe Bacem,4,2,0
2025-06-17,Nasi Kucing Ayam Suwir,2,2,0
2025-06-17,Nasi Kucing Cumi Asin,2,2,0
2025-06-18,Buntut,16,1,0
2025-06-18,Telur Puyuh,28,1,0
2025-06-18,Tahu,13,1,0
2025-06-18,Ampela,13,1,0
2025-06-18,Usus,12,1,0
2025-06-18,Ceker,36,1,0
2025-06-18,Leher,5,1,0
2025-06-18,Cikua,7,1,0
2025-06-18,Sosis Kecil,16,1,0
2025-06-18,Sosis Besar,29,1,0
2025-06-18,Bakso,45,1,0
2025-06-18,Rais Boll Ayam Suwir,3,1,0
2025-06-18,Rais Boll Cumi Asin,3,1,0
2025-06-18,Tahu Bacem,5,1,0
2025-06-18,Tempe Bacem,5,1,0
2025-06-18,Nasi Kucing Ayam Suwir,3,1,0
2025-06-18,Nasi Kucing Cumi Asin,3,1,0
2025-06-19,Buntut,16,1,0
2025-06-19,Telur Puyuh,22,1,0
2025-06-19,Tahu,15,1,0
2025-06-19,Ampela,13,1,0
2025-06-19,Usus,12,1,0
2025-06-19,Ceker,34,1,0
2025-06-19,Leher,5,1,0
2025-06-19,Cikua,9,1,0
2025-06-19,Sosis Kecil,17,1,0
2025-06-19,Sosis Besar,24,1,0
2025-06-19,Bakso,43,1,0
2025-06-19,Rais Boll Ayam Suwir,3,1,0
2025-06-19,Rais Boll Cumi Asin,3,1,0
2025-06-19,Tahu Bacem,6,1,0
2025-06-19,Tempe Bacem,5,1,0
2025-06-19,Nasi Kucing Ayam Suwir,3,1,0
2025-06-19,Nasi Kucing Cumi Asin,3,1,0
2025-06-20,Buntut,19,1,0
2025-06-20,Telur Puyuh,31,1,0
2025-06-20,Tahu,16,1,0
2025-06-20,Ampela,14,1,0
2025-06-20,Usus,14,1,0
2025-06-20,Ceker,43,1,0
2025-06-20,Leher,7,1,0
2025-06-20,Cikua,8,1,0
2025-06-20,Sosis Kecil,20,1,0
2025-06-20,Sosis Besar,29,1,0
2025-06-20,Bakso,47,1,0
2025-06-20,Rais Boll Ayam Suwir,4,1,0
2025-06-20,Rais Boll Cumi Asin,4,1,0
2025-06-20,Tahu Bacem,6,1,0
2025-06-20,Tempe Bacem,7,1,0
2025-06-20,Nasi Kucing Ayam Suwir,3,1,0
2025-06-20,Nasi Kucing Cumi Asin,3,1,0
2025-06-21,Buntut,15,2,0
2025-06-21,Telur Puyuh,25,2,0
2025-06-21,Tahu,13,2,0
2025-06-21,Ampela,10,2,0
2025-06-21,Usus,8,2,0
2025-06-21,Ceker,33,2,0
2025-06-21,Leher,5,2,0
2025-06-21,Cikua,8,2,0
2025-06-21,Sosis Kecil,17,2,0
2025-06-21,Sosis Besar,20,2,0
2025-06-21,Bakso,41,2,0
2025-06-21,Rais Boll Ayam Suwir,3,2,0
2025-06-21,Rais Boll Cumi Asin,2,2,0
2025-06-21,Tahu Bacem,5,2,0
2025-06-21,Tempe Bacem,5,2,0
2025-06-21,Nasi Kucing Ayam Suwir,2,2,0
2025-06-21,Nasi Kucing Cumi Asin,3,2,0
2025-06-22,Buntut,10,2,0
2025-06-22,Telur Puyuh,17,2,0
2025-06-22,Tahu,12,2,0
2025-06-22,Ampela,8,2,0
2025-06-22,Usus,9,2,0
2025-06-22,Ceker,29,2,0
2025-06-22,Leher,6,2,0
2025-06-22,Cikua,7,2,0
2025-06-22,Sosis Kecil,14,2,0
2025-06-22,Sosis Besar,21,2,0
2025-06-22,Bakso,17,2,0
2025-06-22,Rais Boll Ayam Suwir,3,2,0
2025-06-22,Rais Boll Cumi Asin,2,2,0
2025-06-22,Tahu Bacem,4,2,0
2025-06-22,Tempe Bacem,4,2,0
2025-06-22,Nasi Kucing Ayam Suwir,2,2,0
2025-06-22,Nasi Kucing Cumi Asin,2,2,0
2025-06-23,Buntut,7,2,0
2025-06-23,Telur Puyuh,15,2,0
2025-06-23,Tahu,8,2,0
2025-06-23,Ampela,8,2,0
2025-06-23,Usus,5,2,0
2025-06-23,Ceker,22,2,0
2025-06-23,Leher,3,2,0
2025-06-23,Cikua,4,2,0
2025-06-23,Sosis Kecil,9,2,0
2025-06-23,Sosis Besar,14,2,0
2025-06-23,Bakso,21,2,0
2025-06-23,Rais Boll Ayam Suwir,2,2,0
2025-06-23,Rais Boll Cumi Asin,2,2,0
2025-06-23,Tahu Bacem,3,2,0
2025-06-23,Tempe Bacem,4,2,0
2025-06-23,Nasi Kucing Ayam Suwir,2,2,0
2025-06-23,Nasi Kucing Cumi Asin,2,2,0
2025-06-24,Buntut,15,1,0
2025-06-24,Telur Puyuh,22,1,0
2025-06-24,Tahu,13,1,0
2025-06-24,Ampela,12,1,0
2025-06-24,Usus,9,1,0
2025-06-24,Ceker,33,1,0
2025-06-24,Leher,3,1,0
2025-06-24,Cikua,7,1,0
2025-06-24,Sosis Kecil,15,1,0
2025-06-24,Sosis Besar,23,1,0
2025-06-24,Bakso,37,1,0
2025-06-24,Rais Boll Ayam Suwir,3,1,0
2025-06-24,Rais Boll Cumi Asin,3,1,0
2025-06-24,Tahu Bacem,4,1,0
2025-06-24,Tempe Bacem,5,1,0
2025-06-24,Nasi Kucing Ayam Suwir,2,1,0
2025-06-24,Nasi Kucing Cumi Asin,2,1,0
2025-06-25,Buntut,17,1,0
2025-06-25,Telur Puyuh,22,1,0
2025-06-25,Tahu,14,1,0
2025-06-25,Ampela,13,1,0
2025-06-25,Usus,14,1,0
2025-06-25,Ceker,32,1,0
2025-06-25,Leher,6,1,0
2025-06-25,Cikua,9,1,0
2025-06-25,Sosis Kecil,15,1,0
2025-06-25,Sosis Besar,22,1,0
2025-06-25,Bakso,40,1,0
2025-06-25,Rais Boll Ayam Suwir,3,1,0
2025-06-25,Rais Boll Cumi Asin,3,1,0
2025-06-25,Tahu Bacem,5,1,0
2025-06-25,Tempe Bacem,5,1,0
2025-06-25,Nasi Kucing Ayam Suwir,3,1,0
2025-06-25,Nasi Kucing Cumi Asin,2,1,0
2025-06-26,Buntut,16,1,0
2025-06-26,Telur Puyuh,25,1,0
2025-06-26,Tahu,17,1,0
2025-06-26,Ampela,14,1,0
2025-06-26,Usus,13,1,0
2025-06-26,Ceker,39,1,0
2025-06-26,Leher,7,1,0
2025-06-26,Cikua,4,1,0
2025-06-26,Sosis Kecil,16,1,0
2025-06-26,Sosis Besar,27,1,0
2025-06-26,Bakso,40,1,0
2025-06-26,Rais Boll Ayam Suwir,3,1,0
2025-06-26,Rais Boll Cumi Asin,3,1,0
2025-06-26,Tahu Bacem,5,1,0
2025-06-26,Tempe Bacem,5,1,0
2025-06-26,Nasi Kucing Ayam Suwir,3,1,0
2025-06-26,Nasi Kucing Cumi Asin,2,1,0
2025-06-27,Buntut,19,1,1
2025-06-27,Telur Puyuh,29,1,1
2025-06-27,Tahu,17,1,1
2025-06-27,Ampela,17,1,1
2025-06-27,Usus,15,1,1
2025-06-27,Ceker,34,1,1
2025-06-27,Leher,7,1,1
2025-06-27,Cikua,6,1,1
2025-06-27,Sosis Kecil,17,1,1
2025-06-27,Sosis Besar,28,1,1
2025-06-27,Bakso,52,1,1
2025-06-27,Rais Boll Ayam Suwir,4,1,1
2025-06-27,Rais Boll Cumi Asin,3,1,1
2025-06-27,Tahu Bacem,6,1,1
2025-06-27,Tempe Bacem,6,1,1
2025-06-27,Nasi Kucing Ayam Suwir,3,1,1
2025-06-27,Nasi Kucing Cumi Asin,3,1,1
2025-06-28,Buntut,14,2,0
2025-06-28,Telur Puyuh,24,2,0
2025-06-28,Tahu,17,2,0
2025-06-28,Ampela,10,2,0
2025-06-28,Usus,12,2,0
2025-06-28,Ceker,32,2,0
2025-06-28,Leher,6,2,0
2025-06-28,Cikua,9,2,0
2025-06-28,Sosis Kecil,17,2,0
2025-06-28,Sosis Besar,22,2,0
2025-06-28,Bakso,34,2,0
2025-06-28,Rais Boll Ayam Suwir,3,2,0
2025-06-28,Rais Boll Cumi Asin,3,2,0
2025-06-28,Tahu Bacem,4,2,0
2025-06-28,Tempe Bacem,6,2,0
2025-06-28,Nasi Kucing Ayam Suwir,3,2,0
2025-06-28,Nasi Kucing Cumi Asin,2,2,0
2025-06-29,Buntut,13,2,0
2025-06-29,Telur Puyuh,25,2,0
2025-06-29,Tahu,13,2,0
2025-06-29,Ampela,12,2,0
2025-06-29,Usus,9,2,0
2025-06-29,Ceker,23,2,0
2025-06-29,Leher,5,2,0
2025-06-29,Cikua,4,2,0
2025-06-29,Sosis Kecil,14,2,0
2025-06-29,Sosis Besar,19,2,0
2025-06-29,Bakso,40,2,0
2025-06-29,Rais Boll Ayam Suwir,3,2,0
2025-06-29,Rais Boll Cumi Asin,3,2,0
2025-06-29,Tahu Bacem,5,2,0
2025-06-29,Tempe Bacem,4,2,0
2025-06-29,Nasi Kucing Ayam Suwir,2,2,0
2025-06-29,Nasi Kucing Cumi Asin,2,2,0
2025-06-30,Buntut,7,2,0
2025-06-30,Telur Puyuh,14,2,0
2025-06-30,Tahu,9,2,0
2025-06-30,Ampela,8,2,0
2025-06-30,Usus,7,2,0
2025-06-30,Ceker,18,2,0
2025-06-30,Leher,0,2,0
2025-06-30,Cikua,5,2,0
2025-06-30,Sosis Kecil,8,2,0
2025-06-30,Sosis Besar,16,2,0
2025-06-30,Bakso,24,2,0
2025-06-30,Rais Boll Ayam Suwir,2,2,0
2025-06-30,Rais Boll Cumi Asin,2,2,0
2025-06-30,Tahu Bacem,4,2,0
2025-06-30,Tempe Bacem,3,2,0
2025-06-30,Nasi Kucing Ayam Suwir,2,2,0
2025-06-30,Nasi Kucing Cumi Asin,1,2,0
2025-07-01,Buntut,10,2,0
2025-07-01,Telur Puyuh,16,2,0
2025-07-01,Tahu,12,2,0
2025-07-01,Ampela,10,2,0
2025-07-01,Usus,9,2,0
2025-07-01,Ceker,22,2,0
2025-07-01,Leher,3,2,0
2025-07-01,Cikua,4,2,0
2025-07-01,Sosis Kecil,12,2,0
2025-07-01,Sosis Besar,21,2,0
2025-07-01,Bakso,30,2,0
2025-07-01,Rais Boll Ayam Suwir,3,2,0
2025-07-01,Rais Boll Cumi Asin,2,2,0
2025-07-01,Tahu Bacem,4,2,0
2025-07-01,Tempe Bacem,3,2,0
2025-07-01,Nasi Kucing Ayam Suwir,2,2,0
2025-07-01,Nasi Kucing Cumi Asin,2,2,0
2025-07-02,Buntut,13,2,0
2025-07-02,Telur Puyuh,19,2,0
2025-07-02,Tahu,11,2,0
2025-07-02,Ampela,12,2,0
2025-07-02,Usus,9,2,0
2025-07-02,Ceker,29,2,0
2025-07-02,Leher,4,2,0
2025-07-02,Cikua,6,2,0
2025-07-02,Sosis Kecil,13,2,0
2025-07-02,Sosis Besar,21,2,0
2025-07-02,Bakso,29,2,0
2025-07-02,Rais Boll Ayam Suwir,3,2,0
2025-07-02,Rais Boll Cumi Asin,2,2,0
2025-07-02,Tahu Bacem,4,2,0
2025-07-02,Tempe Bacem,4,2,0
2025-07-02,Nasi Kucing Ayam Suwir,2,2,0
2025-07-02,Nasi Kucing Cumi Asin,2,2,0
2025-07-03,Buntut,13,2,0
2025-07-03,Telur Puyuh,18,2,0
2025-07-03,Tahu,9,2,0
2025-07-03,Ampela,12,2,0
2025-07-03,Usus,9,2,0
2025-07-03,Ceker,23,2,0
2025-07-03,Leher,1,2,0
2025-07-03,Cikua,7,2,0
2025-07-03,Sosis Kecil,12,2,0
2025-07-03,Sosis Besar,20,2,0
2025-07-03,Bakso,35,2,0
2025-07-03,Rais Boll Ayam Suwir,2,2,0
2025-07-03,Rais Boll Cumi Asin,3,2,0
2025-07-03,Tahu Bacem,4,2,0
2025-07-03,Tempe Bacem,2,2,0
2025-07-03,Nasi Kucing Ayam Suwir,2,2,0
2025-07-03,Nasi Kucing Cumi Asin,2,2,0
2025-07-04,Buntut,12,2,0
2025-07-04,Telur Puyuh,21,2,0
2025-07-04,Tahu,14,2,0
2025-07-04,Ampela,12,2,0
2025-07-04,Usus,10,2,0
2025-07-04,Ceker,25,2,0
2025-07-04,Leher,5,2,0
2025-07-04,Cikua,9,2,0
2025-07-04,Sosis Kecil,13,2,0
2025-07-04,Sosis Besar,20,2,0
2025-07-04,Bakso,42,2,0
2025-07-04,Rais Boll Ayam Suwir,3,2,0
2025-07-04,Rais Boll Cumi Asin,3,2,0
2025-07-04,Tahu Bacem,4,2,0
2025-07-04,Tempe Bacem,4,2,0
2025-07-04,Nasi Kucing Ayam Suwir,3,2,0
2025-07-04,Nasi Kucing Cumi Asin,2,2,0
2025-07-05,Buntut,22,2,0
2025-07-05,Telur Puyuh,31,2,0
2025-07-05,Tahu,19,2,0
2025-07-05,Ampela,18,2,0
2025-07-05,Usus,16,2,0
2025-07-05,Ceker,40,2,0
2025-07-05,Leher,7,2,0
2025-07-05,Cikua,9,2,0
2025-07-05,Sosis Kecil,22,2,0
2025-07-05,Sosis Besar,29,2,0
2025-07-05,Bakso,56,2,0
2025-07-05,Rais Boll Ayam Suwir,4,2,0
2025-07-05,Rais Boll Cumi Asin,3,2,0
2025-07-05,Tahu Bacem,7,2,0
2025-07-05,Tempe Bacem,8,2,0
2025-07-05,Nasi Kucing Ayam Suwir,4,2,0
2025-07-05,Nasi Kucing Cumi Asin,3,2,0
2025-07-06,Buntut,19,2,0
2025-07-06,Telur Puyuh,32,2,0
2025-07-06,Tahu,15,2,0
2025-07-06,Ampela,15,2,0
2025-07-06,Usus,13,2,0
2025-07-06,Ceker,42,2,0
2025-07-06,Leher,4,2,0
2025-07-06,Cikua,9,2,0
2025-07-06,Sosis Kecil,18,2,0
2025-07-06,Sosis Besar,26,2,0
2025-07-06,Bakso,46,2,0
2025-07-06,Rais Boll Ayam Suwir,4,2,0
2025-07-06,Rais Boll Cumi Asin,4,2,0
2025-07-06,Tahu Bacem,7,2,0
2025-07-06,Tempe Bacem,6,2,0
2025-07-06,Nasi Kucing Ayam Suwir,3,2,0
2025-07-06,Nasi Kucing Cumi Asin,3,2,0
2025-07-07,Buntut,15,1,0
2025-07-07,Telur Puyuh,29,1,0
2025-07-07,Tahu,14,1,0
2025-07-07,Ampela,13,1,0
2025-07-07,Usus,11,1,0
2025-07-07,Ceker,31,1,0
2025-07-07,Leher,3,1,0
2025-07-07,Cikua,7,1,0
2025-07-07,Sosis Kecil,18,1,0
2025-07-07,Sosis Besar,23,1,0
2025-07-07,Bakso,44,1,0
2025-07-07,Rais Boll Ayam Suwir,3,1,0
2025-07-07,Rais Boll Cumi Asin,3,1,0
2025-07-07,Tahu Bacem,5,1,0
2025-07-07,Tempe Bacem,6,1,0
2025-07-07,Nasi Kucing Ayam Suwir,3,1,0
2025-07-07,Nasi Kucing Cumi Asin,3,1,0
2025-07-08,Buntut,13,2,0
2025-07-08,Telur Puyuh,16,2,0
2025-07-08,Tahu,10,2,0
2025-07-08,Ampela,8,2,0
2025-07-08,Usus,8,2,0
2025-07-08,Ceker,25,2,0
2025-07-08,Leher,5,2,0
2025-07-08,Cikua,7,2,0
2025-07-08,Sosis Kecil,11,2,0
2025-07-08,Sosis Besar,16,2,0
2025-07-08,Bakso,31,2,0
2025-07-08,Rais Boll Ayam Suwir,3,2,0
2025-07-08,Rais Boll Cumi Asin,2,2,0
2025-07-08,Tahu Bacem,4,2,0
2025-07-08,Tempe Bacem,4,2,0
2025-07-08,Nasi Kucing Ayam Suwir,2,2,0
2025-07-08,Nasi Kucing Cumi Asin,2,2,0
2025-07-09,Buntut,12,2,0
2025-07-09,Telur Puyuh,23,2,0
2025-07-09,Tahu,12,2,0
2025-07-09,Ampela,9,2,0
2025-07-09,Usus,8,2,0
2025-07-09,Ceker,24,2,0
2025-07-09,Leher,2,2,0
2025-07-09,Cikua,6,2,0
2025-07-09,Sosis Kecil,11,2,0
2025-07-09,Sosis Besar,20,2,0
2025-07-09,Bakso,30,2,0
2025-07-09,Rais Boll Ayam Suwir,3,2,0
2025-07-09,Rais Boll Cumi Asin,2,2,0
2025-07-09,Tahu Bacem,4,2,0
2025-07-09,Tempe Bacem,3,2,0
2025-07-09,Nasi Kucing Ayam Suwir,2,2,0
2025-07-09,Nasi Kucing Cumi Asin,2,2,0
2025-07-10,Buntut,13,2,0
2025-07-10,Telur Puyuh,19,2,0
2025-07-10,Tahu,10,2,0
2025-07-10,Ampela,12,2,0
2025-07-10,Usus,11,2,0
2025-07-10,Ceker,25,2,0
2025-07-10,Leher,4,2,0
2025-07-10,Cikua,6,2,0
2025-07-10,Sosis Kecil,11,2,0
2025-07-10,Sosis Besar,20,2,0
2025-07-10,Bakso,36,2,0
2025-07-10,Rais Boll Ayam Suwir,3,2,0
2025-07-10,Rais Boll Cumi Asin,3,2,0
2025-07-10,Tahu Bacem,5,2,0
2025-07-10,Tempe Bacem,4,2,0
2025-07-10,Nasi Kucing Ayam Suwir,2,2,0
2025-07-10,Nasi Kucing Cumi Asin,2,2,0
2025-07-11,Buntut,13,2,0
2025-07-11,Telur Puyuh,23,2,0
2025-07-11,Tahu,14,2,0
2025-07-11,Ampela,13,2,0
2025-07-11,Usus,12,2,0
2025-07-11,Ceker,32,2,0
2025-07-11,Leher,6,2,0
2025-07-11,Cikua,8,2,0
2025-07-11,Sosis Kecil,13,2,0
2025-07-11,Sosis Besar,26,2,0
2025-07-11,Bakso,39,2,0
2025-07-11,Rais Boll Ayam Suwir,2,2,0
2025-07-11,Rais Boll Cumi Asin,3,2,0
2025-07-11,Tahu Bacem,5,2,0
2025-07-11,Tempe Bacem,5,2,0
2025-07-11,Nasi Kucing Ayam Suwir,3,2,0
2025-07-11,Nasi Kucing Cumi Asin,2,2,0
2025-07-12,Buntut,21,2,0
2025-07-12,Telur Puyuh,28,2,0
2025-07-12,Tahu,18,2,0
2025-07-12,Ampela,18,2,0
2025-07-12,Usus,13,2,0
2025-07-12,Ceker,41,2,0
2025-07-12,Leher,8,2,0
2025-07-12,Cikua,10,2,0
2025-07-12,Sosis Kecil,18,2,0
2025-07-12,Sosis Besar,33,2,0
2025-07-12,Bakso,49,2,0
2025-07-12,Rais Boll Ayam Suwir,5,2,0
2025-07-12,Rais Boll Cumi Asin,4,2,0
2025-07-12,Tahu Bacem,7,2,0
2025-07-12,Tempe Bacem,7,2,0
2025-07-12,Nasi Kucing Ayam Suwir,3,2,0
2025-07-12,Nasi Kucing Cumi Asin,4,2,0
2025-07-13,Buntut,20,2,0
2025-07-13,Telur Puyuh,30,2,0
2025-07-13,Tahu,17,2,0
2025-07-13,Ampela,16,2,0
2025-07-13,Usus,16,2,0
2025-07-13,Ceker,39,2,0
2025-07-13,Leher,5,2,0
2025-07-13,Cikua,9,2,0
2025-07-13,Sosis Kecil,15,2,0
2025-07-13,Sosis Besar,31,2,0
2025-07-13,Bakso,49,2,0
2025-07-13,Rais Boll Ayam Suwir,4,2,0
2025-07-13,Rais Boll Cumi Asin,4,2,0
2025-07-13,Tahu Bacem,6,2,0
2025-07-13,Tempe Bacem,6,2,0
2025-07-13,Nasi Kucing Ayam Suwir,3,2,0
2025-07-13,Nasi Kucing Cumi Asin,3,2,0
2025-07-14,Buntut,0,2,0
2025-07-14,Telur Puyuh,0,2,0
2025-07-14,Tahu,0,2,0
2025-07-14,Ampela,0,2,0
2025-07-14,Usus,0,2,0
2025-07-14,Ceker,0,2,0
2025-07-14,Leher,0,2,0
2025-07-14,Cikua,0,2,0
2025-07-14,Sosis Kecil,0,2,0
2025-07-14,Sosis Besar,0,2,0
2025-07-14,Bakso,0,2,0
2025-07-14,Rais Boll Ayam Suwir,0,2,0
2025-07-14,Rais Boll Cumi Asin,0,2,0
2025-07-14,Tahu Bacem,0,2,0
2025-07-14,Tempe Bacem,0,2,0
2025-07-14,Nasi Kucing Ayam Suwir,0,2,0
2025-07-14,Nasi Kucing Cumi Asin,0,2,0
2025-07-15,Buntut,11,2,0
2025-07-15,Telur Puyuh,18,2,0
2025-07-15,Tahu,10,2,0
2025-07-15,Ampela,11,2,0
2025-07-15,Usus,8,2,0
2025-07-15,Ceker,22,2,0
2025-07-15,Leher,4,2,0
2025-07-15,Cikua,5,2,0
2025-07-15,Sosis Kecil,9,2,0
2025-07-15,Sosis Besar,15,2,0
2025-07-15,Bakso,30,2,0
2025-07-15,Rais Boll Ayam Suwir,3,2,0
2025-07-15,Rais Boll Cumi Asin,2,2,0
2025-07-15,Tahu Bacem,4,2,0
2025-07-15,Tempe Bacem,4,2,0
2025-07-15,Nasi Kucing Ayam Suwir,2,2,0
2025-07-15,Nasi Kucing Cumi Asin,2,2,0
2025-07-16,Buntut,12,2,0
2025-07-16,Telur Puyuh,18,2,0
2025-07-16,Tahu,10,2,0
2025-07-16,Ampela,11,2,0
2025-07-16,Usus,9,2,0
2025-07-16,Ceker,28,2,0
2025-07-16,Leher,5,2,0
2025-07-16,Cikua,5,2,0
2025-07-16,Sosis Kecil,11,2,0
2025-07-16,Sosis Besar,15,2,0
2025-07-16,Bakso,35,2,0
2025-07-16,Rais Boll Ayam Suwir,2,2,0
2025-07-16,Rais Boll Cumi Asin,2,2,0
2025-07-16,Tahu Bacem,5,2,0
2025-07-16,Tempe Bacem,5,2,0
2025-07-16,Nasi Kucing Ayam Suwir,2,2,0
2025-07-16,Nasi Kucing Cumi Asin,2,2,0
2025-07-17,Buntut,15,1,0
2025-07-17,Telur Puyuh,27,1,0
2025-07-17,Tahu,17,1,0
2025-07-17,Ampela,14,1,0
2025-07-17,Usus,11,1,0
2025-07-17,Ceker,36,1,0
2025-07-17,Leher,5,1,0
2025-07-17,Cikua,9,1,0
2025-07-17,Sosis Kecil,21,1,0
2025-07-17,Sosis Besar,29,1,0
2025-07-17,Bakso,53,1,0
2025-07-17,Rais Boll Ayam Suwir,4,1,0
2025-07-17,Rais Boll Cumi Asin,3,1,0
2025-07-17,Tahu Bacem,7,1,0
2025-07-17,Tempe Bacem,6,1,0
2025-07-17,Nasi Kucing Ayam Suwir,3,1,0
2025-07-17,Nasi Kucing Cumi Asin,3,1,0
2025-07-18,Buntut,21,1,0
2025-07-18,Telur Puyuh,29,1,0
2025-07-18,Tahu,20,1,0
2025-07-18,Ampela,18,1,0
2025-07-18,Usus,17,1,0
2025-07-18,Ceker,43,1,0
2025-07-18,Leher,6,1,0
2025-07-18,Cikua,10,1,0
2025-07-18,Sosis Kecil,22,1,0
2025-07-18,Sosis Besar,38,1,0
2025-07-18,Bakso,51,1,0
2025-07-18,Rais Boll Ayam Suwir,4,1,0
2025-07-18,Rais Boll Cumi Asin,4,1,0
2025-07-18,Tahu Bacem,7,1,0
2025-07-18,Tempe Bacem,7,1,0
2025-07-18,Nasi Kucing Ayam Suwir,4,1,0
2025-07-18,Nasi Kucing Cumi Asin,3,1,0
2025-07-19,Buntut,23,1,0
2025-07-19,Telur Puyuh,40,1,0
2025-07-19,Tahu,23,1,0
2025-07-19,Ampela,23,1,0
2025-07-19,Usus,15,1,0
2025-07-19,Ceker,47,1,0
2025-07-19,Leher,6,1,0
2025-07-19,Cikua,13,1,0
2025-07-19,Sosis Kecil,26,1,0
2025-07-19,Sosis Besar,40,1,0
2025-07-19,Bakso,60,1,0
2025-07-19,Rais Boll Ayam Suwir,5,1,0
2025-07-19,Rais Boll Cumi Asin,5,1,0
2025-07-19,Tahu Bacem,8,1,0
2025-07-19,Tempe Bacem,8,1,0
2025-07-19,Nasi Kucing Ayam Suwir,4,1,0
2025-07-19,Nasi Kucing Cumi Asin,4,1,0
2025-07-20,Buntut,16,2,0
2025-07-20,Telur Puyuh,21,2,0
2025-07-20,Tahu,12,2,0
2025-07-20,Ampela,11,2,0
2025-07-20,Usus,12,2,0
2025-07-20,Ceker,34,2,0
2025-07-20,Leher,5,2,0
2025-07-20,Cikua,8,2,0
2025-07-20,Sosis Kecil,18,2,0
2025-07-20,Sosis Besar,24,2,0
2025-07-20,Bakso,44,2,0
2025-07-20,Rais Boll Ayam Suwir,3,2,0
2025-07-20,Rais Boll Cumi Asin,3,2,0
2025-07-20,Tahu Bacem,5,2,0
2025-07-20,Tempe Bacem,5,2,0
2025-07-20,Nasi Kucing Ayam Suwir,3,2,0
2025-07-20,Nasi Kucing Cumi Asin,2,2,0
2025-07-21,Buntut,9,2,0
2025-07-21,Telur Puyuh,16,2,0
2025-07-21,Tahu,9,2,0
2025-07-21,Ampela,10,2,0
2025-07-21,Usus,8,2,0
2025-07-21,Ceker,23,2,0
2025-07-21,Leher,4,2,0
2025-07-21,Cikua,7,2,0
2025-07-21,Sosis Kecil,9,2,0
2025-07-21,Sosis Besar,15,2,0
2025-07-21,Bakso,33,2,0
2025-07-21,Rais Boll Ayam Suwir,2,2,0
2025-07-21,Rais Boll Cumi Asin,2,2,0
2025-07-21,Tahu Bacem,4,2,0
2025-07-21,Tempe Bacem,3,2,0
2025-07-21,Nasi Kucing Ayam Suwir,2,2,0
2025-07-21,Nasi Kucing Cumi Asin,2,2,0
2025-07-22,Buntut,11,2,0
2025-07-22,Telur Puyuh,16,2,0
2025-07-22,Tahu,11,2,0
2025-07-22,Ampela,10,2,0
2025-07-22,Usus,10,2,0
2025-07-22,Ceker,22,2,0
2025-07-22,Leher,5,2,0
2025-07-22,Cikua,6,2,0
2025-07-22,Sosis Kecil,12,2,0
2025-07-22,Sosis Besar,15,2,0
2025-07-22,Bakso,31,2,0
2025-07-22,Rais Boll Ayam Suwir,2,2,0
2025-07-22,Rais Boll Cumi Asin,2,2,0
2025-07-22,Tahu Bacem,4,2,0
2025-07-22,Tempe Bacem,4,2,0
2025-07-22,Nasi Kucing Ayam Suwir,2,2,0
2025-07-22,Nasi Kucing Cumi Asin,2,2,0
2025-07-23,Buntut,11,2,0
2025-07-23,Telur Puyuh,20,2,0
2025-07-23,Tahu,10,2,0
2025-07-23,Ampela,11,2,0
2025-07-23,Usus,9,2,0
2025-07-23,Ceker,27,2,0
2025-07-23,Leher,3,2,0
2025-07-23,Cikua,5,2,0
2025-07-23,Sosis Kecil,12,2,0
2025-07-23,Sosis Besar,14,2,0
2025-07-23,Bakso,36,2,0
2025-07-23,Rais Boll Ayam Suwir,3,2,0
2025-07-23,Rais Boll Cumi Asin,3,2,0
2025-07-23,Tahu Bacem,4,2,0
2025-07-23,Tempe Bacem,4,2,0
2025-07-23,Nasi Kucing Ayam Suwir,2,2,0
2025-07-23,Nasi Kucing Cumi Asin,2,2,0
2025-07-24,Buntut,11,2,0
2025-07-24,Telur Puyuh,21,2,0
2025-07-24,Tahu,10,2,0
2025-07-24,Ampela,10,2,0
2025-07-24,Usus,8,2,0
2025-07-24,Ceker,26,2,0
2025-07-24,Leher,5,2,0
2025-07-24,Cikua,6,2,0
2025-07-24,Sosis Kecil,14,2,0
2025-07-24,Sosis Besar,18,2,0
2025-07-24,Bakso,33,2,0
2025-07-24,Rais Boll Ayam Suwir,3,2,0
2025-07-24,Rais Boll Cumi Asin,3,2,0
2025-07-24,Tahu Bacem,5,2,0
2025-07-24,Tempe Bacem,4,2,0
2025-07-24,Nasi Kucing Ayam Suwir,2,2,0
2025-07-24,Nasi Kucing Cumi Asin,2,2,0
2025-07-25,Buntut,14,2,0
2025-07-25,Telur Puyuh,23,2,0
2025-07-25,Tahu,16,2,0
2025-07-25,Ampela,11,2,0
2025-07-25,Usus,8,2,0
2025-07-25,Ceker,33,2,0
2025-07-25,Leher,5,2,0
2025-07-25,Cikua,8,2,0
2025-07-25,Sosis Kecil,13,2,0
2025-07-25,Sosis Besar,21,2,0
2025-07-25,Bakso,39,2,0
2025-07-25,Rais Boll Ayam Suwir,3,2,0
2025-07-25,Rais Boll Cumi Asin,3,2,0
2025-07-25,Tahu Bacem,5,2,0
2025-07-25,Tempe Bacem,5,2,0
2025-07-25,Nasi Kucing Ayam Suwir,3,2,0
2025-07-25,Nasi Kucing Cumi Asin,2,2,0
2025-07-26,Buntut,17,2,0
2025-07-26,Telur Puyuh,30,2,0
2025-07-26,Tahu,16,2,0
2025-07-26,Ampela,16,2,0
2025-07-26,Usus,12,2,0
2025-07-26,Ceker,39,2,0
2025-07-26,Leher,5,2,0
2025-07-26,Cikua,7,2,0
2025-07-26,Sosis Kecil,17,2,0
2025-07-26,Sosis Besar,26,2,0
2025-07-26,Bakso,50,2,0
2025-07-26,Rais Boll Ayam Suwir,4,2,0
2025-07-26,Rais Boll Cumi Asin,4,2,0
2025-07-26,Tahu Bacem,5,2,0
2025-07-26,Tempe Bacem,5,2,0
2025-07-26,Nasi Kucing Ayam Suwir,3,2,0
2025-07-26,Nasi Kucing Cumi Asin,3,2,0
2025-07-27,Buntut,14,2,0
2025-07-27,Telur Puyuh,26,2,0
2025-07-27,Tahu,15,2,0
2025-07-27,Ampela,14,2,0
2025-07-27,Usus,11,2,0
2025-07-27,Ceker,29,2,0
2025-07-27,Leher,6,2,0
2025-07-27,Cikua,7,2,0
2025-07-27,Sosis Kecil,13,2,0
2025-07-27,Sosis Besar,26,2,0
2025-07-27,Bakso,46,2,0
2025-07-27,Rais Boll Ayam Suwir,3,2,0
2025-07-27,Rais Boll Cumi Asin,3,2,0
2025-07-27,Tahu Bacem,6,2,0
2025-07-27,Tempe Bacem,5,2,0
2025-07-27,Nasi Kucing Ayam Suwir,3,2,0
2025-07-27,Nasi Kucing Cumi Asin,3,2,0
2025-07-28,Buntut,10,2,0
2025-07-28,Telur Puyuh,17,2,0
2025-07-28,Tahu,10,2,0
2025-07-28,Ampela,9,2,0
2025-07-28,Usus,9,2,0
2025-07-28,Ceker,23,2,0
2025-07-28,Leher,2,2,0
2025-07-28,Cikua,5,2,0
2025-07-28,Sosis Kecil,11,2,0
2025-07-28,Sosis Besar,14,2,0
2025-07-28,Bakso,29,2,0
2025-07-28,Rais Boll Ayam Suwir,2,2,0
2025-07-28,Rais Boll Cumi Asin,2,2,0
2025-07-28,Tahu Bacem,3,2,0
2025-07-28,Tempe Bacem,4,2,0
2025-07-28,Nasi Kucing Ayam Suwir,2,2,0
2025-07-28,Nasi Kucing Cumi Asin,2,2,0
2025-07-29,Buntut,12,2,0
2025-07-29,Telur Puyuh,21,2,0
2025-07-29,Tahu,11,2,0
2025-07-29,Ampela,9,2,0
2025-07-29,Usus,7,2,0
2025-07-29,Ceker,24,2,0
2025-07-29,Leher,3,2,0
2025-07-29,Cikua,6,2,0
2025-07-29,Sosis Kecil,10,2,0
2025-07-29,Sosis Besar,19,2,0
2025-07-29,Bakso,31,2,0
2025-07-29,Rais Boll Ayam Suwir,3,2,0
2025-07-29,Rais Boll Cumi Asin,2,2,0
2025-07-29,Tahu Bacem,4,2,0
2025-07-29,Tempe Bacem,4,2,0
2025-07-29,Nasi Kucing Ayam Suwir,2,2,0
2025-07-29,Nasi Kucing Cumi Asin,2,2,0
2025-07-30,Buntut,9,2,0
2025-07-30,Telur Puyuh,18,2,0
2025-07-30,Tahu,10,2,0
2025-07-30,Ampela,12,2,0
2025-07-30,Usus,9,2,0
2025-07-30,Ceker,29,2,0
2025-07-30,Leher,4,2,0
2025-07-30,Cikua,5,2,0
2025-07-30,Sosis Kecil,10,2,0
2025-07-30,Sosis Besar,19,2,0
2025-07-30,Bakso,35,2,0
2025-07-30,Rais Boll Ayam Suwir,2,2,0
2025-07-30,Rais Boll Cumi Asin,3,2,0
2025-07-30,Tahu Bacem,4,2,0
2025-07-30,Tempe Bacem,4,2,0
2025-07-30,Nasi Kucing Ayam Suwir,2,2,0
2025-07-30,Nasi Kucing Cumi Asin,2,2,0
2025-07-31,Buntut,13,2,0
2025-07-31,Telur Puyuh,15,2,0
2025-07-31,Tahu,10,2,0
2025-07-31,Ampela,11,2,0
2025-07-31,Usus,10,2,0
2025-07-31,Ceker,28,2,0
2025-07-31,Leher,4,2,0
2025-07-31,Cikua,6,2,0
2025-07-31,Sosis Kecil,12,2,0
2025-07-31,Sosis Besar,16,2,0
2025-07-31,Bakso,35,2,0
2025-07-31,Rais Boll Ayam Suwir,3,2,0
2025-07-31,Rais Boll Cumi Asin,2,2,0
2025-07-31,Tahu Bacem,4,2,0
2025-07-31,Tempe Bacem,4,2,0
2025-07-31,Nasi Kucing Ayam Suwir,2,2,0
2025-07-31,Nasi Kucing Cumi Asin,2,2,0
2025-08-01,Buntut,13,2,0
2025-08-01,Telur Puyuh,19,2,0
2025-08-01,Tahu,11,2,0
2025-08-01,Ampela,13,2,0
2025-08-01,Usus,9,2,0
2025-08-01,Ceker,28,2,0
2025-08-01,Leher,6,2,0
2025-08-01,Cikua,7,2,0
2025-08-01,Sosis Kecil,17,2,0
2025-08-01,Sosis Besar,26,2,0
2025-08-01,Bakso,39,2,0
2025-08-01,Rais Boll Ayam Suwir,3,2,0
2025-08-01,Rais Boll Cumi Asin,3,2,0
2025-08-01,Tahu Bacem,4,2,0
2025-08-01,Tempe Bacem,4,2,0
2025-08-01,Nasi Kucing Ayam Suwir,2,2,0
2025-08-01,Nasi Kucing Cumi Asin,2,2,0
2025-08-02,Buntut,15,2,0
2025-08-02,Telur Puyuh,27,2,0
2025-08-02,Tahu,13,2,0
2025-08-02,Ampela,14,2,0
2025-08-02,Usus,11,2,0
2025-08-02,Ceker,35,2,0
2025-08-02,Leher,5,2,0
2025-08-02,Cikua,4,2,0
2025-08-02,Sosis Kecil,16,2,0
2025-08-02,Sosis Besar,29,2,0
2025-08-02,Bakso,48,2,0
2025-08-02,Rais Boll Ayam Suwir,3,2,0
2025-08-02,Rais Boll Cumi Asin,3,2,0
2025-08-02,Tahu Bacem,6,2,0
2025-08-02,Tempe Bacem,4,2,0
2025-08-02,Nasi Kucing Ayam Suwir,3,2,0
2025-08-02,Nasi Kucing Cumi Asin,3,2,0
2025-08-03,Buntut,14,2,0
2025-08-03,Telur Puyuh,22,2,0
2025-08-03,Tahu,12,2,0
2025-08-03,Ampela,12,2,0
2025-08-03,Usus,11,2,0
2025-08-03,Ceker,28,2,0
2025-08-03,Leher,1,2,0
2025-08-03,Cikua,7,2,0
2025-08-03,Sosis Kecil,16,2,0
2025-08-03,Sosis Besar,25,2,0
2025-08-03,Bakso,33,2,0
2025-08-03,Rais Boll Ayam Suwir,2,2,0
2025-08-03,Rais Boll Cumi Asin,3,2,0
2025-08-03,Tahu Bacem,5,2,0
2025-08-03,Tempe Bacem,6,2,0
2025-08-03,Nasi Kucing Ayam Suwir,3,2,0
2025-08-03,Nasi Kucing Cumi Asin,3,2,0
2025-08-04,Buntut,8,2,0
2025-08-04,Telur Puyuh,17,2,0
2025-08-04,Tahu,10,2,0
2025-08-04,Ampela,8,2,0
2025-08-04,Usus,6,2,0
2025-08-04,Ceker,20,2,0
2025-08-04,Leher,2,2,0
2025-08-04,Cikua,6,2,0
2025-08-04,Sosis Kecil,10,2,0
2025-08-04,Sosis Besar,13,2,0
2025-08-04,Bakso,32,2,0
2025-08-04,Rais Boll Ayam Suwir,3,2,0
2025-08-04,Rais Boll Cumi Asin,2,2,0
2025-08-04,Tahu Bacem,3,2,0
2025-08-04,Tempe Bacem,3,2,0
2025-08-04,Nasi Kucing Ayam Suwir,2,2,0
2025-08-04,Nasi Kucing Cumi Asin,2,2,0
2025-08-05,Buntut,12,2,0
2025-08-05,Telur Puyuh,15,2,0
2025-08-05,Tahu,9,2,0
2025-08-05,Ampela,9,2,0
2025-08-05,Usus,9,2,0
2025-08-05,Ceker,23,2,0
2025-08-05,Leher,4,2,0
2025-08-05,Cikua,5,2,0
2025-08-05,Sosis Kecil,12,2,0
2025-08-05,Sosis Besar,19,2,0
2025-08-05,Bakso,32,2,0
2025-08-05,Rais Boll Ayam Suwir,2,2,0
2025-08-05,Rais Boll Cumi Asin,2,2,0
2025-08-05,Tahu Bacem,4,2,0
2025-08-05,Tempe Bacem,4,2,0
2025-08-05,Nasi Kucing Ayam Suwir,2,2,0
2025-08-05,Nasi Kucing Cumi Asin,2,2,0
2025-08-06,Buntut,11,2,0
2025-08-06,Telur Puyuh,20,2,0
2025-08-06,Tahu,11,2,0
2025-08-06,Ampela,9,2,0
2025-08-06,Usus,9,2,0
2025-08-06,Ceker,28,2,0
2025-08-06,Leher,1,2,0
2025-08-06,Cikua,6,2,0
2025-08-06,Sosis Kecil,12,2,0
2025-08-06,Sosis Besar,21,2,0
2025-08-06,Bakso,34,2,0
2025-08-06,Rais Boll Ayam Suwir,3,2,0
2025-08-06,Rais Boll Cumi Asin,2,2,0
2025-08-06,Tahu Bacem,4,2,0
2025-08-06,Tempe Bacem,4,2,0
2025-08-06,Nasi Kucing Ayam Suwir,2,2,0
2025-08-06,Nasi Kucing Cumi Asin,2,2,0
2025-08-07,Buntut,10,2,0
2025-08-07,Telur Puyuh,17,2,0
2025-08-07,Tahu,11,2,0
2025-08-07,Ampela,10,2,0
2025-08-07,Usus,8,2,0
2025-08-07,Ceker,29,2,0
2025-08-07,Leher,5,2,0
2025-08-07,Cikua,7,2,0
2025-08-07,Sosis Kecil,14,2,0
2025-08-07,Sosis Besar,17,2,0
2025-08-07,Bakso,33,2,0
2025-08-07,Rais Boll Ayam Suwir,3,2,0
2025-08-07,Rais Boll Cumi Asin,2,2,0
2025-08-07,Tahu Bacem,4,2,0
2025-08-07,Tempe Bacem,4,2,0
2025-08-07,Nasi Kucing Ayam Suwir,2,2,0
2025-08-07,Nasi Kucing Cumi Asin,2,2,0
2025-08-08,Buntut,14,2,0
2025-08-08,Telur Puyuh,14,2,0
2025-08-08,Tahu,14,2,0
2025-08-08,Ampela,12,2,0
2025-08-08,Usus,8,2,0
2025-08-08,Ceker,26,2,0
2025-08-08,Leher,5,2,0
2025-08-08,Cikua,1,2,0
2025-08-08,Sosis Kecil,12,2,0
2025-08-08,Sosis Besar,19,2,0
2025-08-08,Bakso,37,2,0
2025-08-08,Rais Boll Ayam Suwir,3,2,0
2025-08-08,Rais Boll Cumi Asin,3,2,0
2025-08-08,Tahu Bacem,6,2,0
2025-08-08,Tempe Bacem,5,2,0
2025-08-08,Nasi Kucing Ayam Suwir,2,2,0
2025-08-08,Nasi Kucing Cumi Asin,2,2,0
2025-08-09,Buntut,18,2,0
2025-08-09,Telur Puyuh,27,2,0
2025-08-09,Tahu,15,2,0
2025-08-09,Ampela,13,2,0
2025-08-09,Usus,12,2,0
2025-08-09,Ceker,32,2,0
2025-08-09,Leher,5,2,0
2025-08-09,Cikua,10,2,0
2025-08-09,Sosis Kecil,15,2,0
2025-08-09,Sosis Besar,22,2,0
2025-08-09,Bakso,39,2,0
2025-08-09,Rais Boll Ayam Suwir,4,2,0
2025-08-09,Rais Boll Cumi Asin,3,2,0
2025-08-09,Tahu Bacem,6,2,0
2025-08-09,Tempe Bacem,5,2,0
2025-08-09,Nasi Kucing Ayam Suwir,3,2,0
2025-08-09,Nasi Kucing Cumi Asin,3,2,0
2025-08-10,Buntut,14,2,0
2025-08-10,Telur Puyuh,23,2,0
2025-08-10,Tahu,13,2,0
2025-08-10,Ampela,13,2,0
2025-08-10,Usus,10,2,0
2025-08-10,Ceker,29,2,0
2025-08-10,Leher,3,2,0
2025-08-10,Cikua,8,2,0
2025-08-10,Sosis Kecil,15,2,0
2025-08-10,Sosis Besar,20,2,0
2025-08-10,Bakso,40,2,0
2025-08-10,Rais Boll Ayam Suwir,3,2,0
2025-08-10,Rais Boll Cumi Asin,3,2,0
2025-08-10,Tahu Bacem,5,2,0
2025-08-10,Tempe Bacem,5,2,0
2025-08-10,Nasi Kucing Ayam Suwir,2,2,0
2025-08-10,Nasi Kucing Cumi Asin,3,2,0
2025-08-11,Buntut,11,2,0
2025-08-11,Telur Puyuh,13,2,0
2025-08-11,Tahu,10,2,0
2025-08-11,Ampela,10,2,0
2025-08-11,Usus,9,2,0
2025-08-11,Ceker,23,2,0
2025-08-11,Leher,0,2,0
2025-08-11,Cikua,8,2,0
2025-08-11,Sosis Kecil,11,2,0
2025-08-11,Sosis Besar,17,2,0
2025-08-11,Bakso,28,2,0
2025-08-11,Rais Boll Ayam Suwir,2,2,0
2025-08-11,Rais Boll Cumi Asin,2,2,0
2025-08-11,Tahu Bacem,4,2,0
2025-08-11,Tempe Bacem,3,2,0
2025-08-11,Nasi Kucing Ayam Suwir,2,2,0
2025-08-11,Nasi Kucing Cumi Asin,2,2,0
2025-08-12,Buntut,12,2,0
2025-08-12,Telur Puyuh,17,2,0
2025-08-12,Tahu,8,2,0
2025-08-12,Ampela,11,2,0
2025-08-12,Usus,7,2,0
2025-08-12,Ceker,26,2,0
2025-08-12,Leher,5,2,0
2025-08-12,Cikua,5,2,0
2025-08-12,Sosis Kecil,11,2,0
2025-08-12,Sosis Besar,21,2,0
2025-08-12,Bakso,30,2,0
2025-08-12,Rais Boll Ayam Suwir,2,2,0
2025-08-12,Rais Boll Cumi Asin,2,2,0
2025-08-12,Tahu Bacem,4,2,0
2025-08-12,Tempe Bacem,4,2,0
2025-08-12,Nasi Kucing Ayam Suwir,2,2,0
2025-08-12,Nasi Kucing Cumi Asin,2,2,0
2025-08-13,Buntut,11,2,0
2025-08-13,Telur Puyuh,19,2,0
2025-08-13,Tahu,13,2,0
2025-08-13,Ampela,9,2,0
2025-08-13,Usus,8,2,0
2025-08-13,Ceker,28,2,0
2025-08-13,Leher,5,2,0
2025-08-13,Cikua,6,2,0
2025-08-13,Sosis Kecil,11,2,0
2025-08-13,Sosis Besar,19,2,0
2025-08-13,Bakso,27,2,0
2025-08-13,Rais Boll Ayam Suwir,3,2,0
2025-08-13,Rais Boll Cumi Asin,2,2,0
2025-08-13,Tahu Bacem,3,2,0
2025-08-13,Tempe Bacem,4,2,0
2025-08-13,Nasi Kucing Ayam Suwir,2,2,0
2025-08-13,Nasi Kucing Cumi Asin,2,2,0
2025-08-14,Buntut,12,2,0
2025-08-14,Telur Puyuh,19,2,0
2025-08-14,Tahu,10,2,0
2025-08-14,Ampela,11,2,0
2025-08-14,Usus,9,2,0
2025-08-14,Ceker,25,2,0
2025-08-14,Leher,5,2,0
2025-08-14,Cikua,8,2,0
2025-08-14,Sosis Kecil,11,2,0
2025-08-14,Sosis Besar,16,2,0
2025-08-14,Bakso,30,2,0
2025-08-14,Rais Boll Ayam Suwir,2,2,0
2025-08-14,Rais Boll Cumi Asin,2,2,0
2025-08-14,Tahu Bacem,4,2,0
2025-08-14,Tempe Bacem,5,2,0
2025-08-14,Nasi Kucing Ayam Suwir,2,2,0
2025-08-14,Nasi Kucing Cumi Asin,2,2,0
2025-08-15,Buntut,15,2,0
2025-08-15,Telur Puyuh,28,2,0
2025-08-15,Tahu,17,2,0
2025-08-15,Ampela,16,2,0
2025-08-15,Usus,12,2,0
2025-08-15,Ceker,38,2,0
2025-08-15,Leher,6,2,0
2025-08-15,Cikua,9,2,0
2025-08-15,Sosis Kecil,21,2,0
2025-08-15,Sosis Besar,31,2,0
2025-08-15,Bakso,42,2,0
2025-08-15,Rais Boll Ayam Suwir,4,2,0
2025-08-15,Rais Boll Cumi Asin,4,2,0
2025-08-15,Tahu Bacem,5,2,0
2025-08-15,Tempe Bacem,6,2,0
2025-08-15,Nasi Kucing Ayam Suwir,3,2,0
2025-08-15,Nasi Kucing Cumi Asin,3,2,0
2025-08-16,Buntut,17,2,0
2025-08-16,Telur Puyuh,33,2,0
2025-08-16,Tahu,19,2,0
2025-08-16,Ampela,17,2,0
2025-08-16,Usus,14,2,0
2025-08-16,Ceker,44,2,0
2025-08-16,Leher,7,2,0
2025-08-16,Cikua,7,2,0
2025-08-16,Sosis Kecil,19,2,0
2025-08-16,Sosis Besar,28,2,0
2025-08-16,Bakso,53,2,0
2025-08-16,Rais Boll Ayam Suwir,5,2,0
2025-08-16,Rais Boll Cumi Asin,3,2,0
2025-08-16,Tahu Bacem,7,2,0
2025-08-16,Tempe Bacem,7,2,0
2025-08-16,Nasi Kucing Ayam Suwir,4,2,0
2025-08-16,Nasi Kucing Cumi Asin,4,2,0
2025-08-17,Buntut,18,2,1
2025-08-17,Telur Puyuh,25,2,1
2025-08-17,Tahu,15,2,1
2025-08-17,Ampela,15,2,1
2025-08-17,Usus,12,2,1
2025-08-17,Ceker,40,2,1
2025-08-17,Leher,7,2,1
2025-08-17,Cikua,9,2,1
2025-08-17,Sosis Kecil,19,2,1
2025-08-17,Sosis Besar,33,2,1
2025-08-17,Bakso,46,2,1
2025-08-17,Rais Boll Ayam Suwir,4,2,1
2025-08-17,Rais Boll Cumi Asin,4,2,1
2025-08-17,Tahu Bacem,6,2,1
2025-08-17,Tempe Bacem,6,2,1
2025-08-17,Nasi Kucing Ayam Suwir,3,2,1
2025-08-17,Nasi Kucing Cumi Asin,3,2,1
2025-08-18,Buntut,15,1,0
2025-08-18,Telur Puyuh,21,1,0
2025-08-18,Tahu,13,1,0
2025-08-18,Ampela,15,1,0
2025-08-18,Usus,9,1,0
2025-08-18,Ceker,36,1,0
2025-08-18,Leher,5,1,0
2025-08-18,Cikua,9,1,0
2025-08-18,Sosis Kecil,13,1,0
2025-08-18,Sosis Besar,27,1,0
2025-08-18,Bakso,44,1,0
2025-08-18,Rais Boll Ayam Suwir,3,1,0
2025-08-18,Rais Boll Cumi Asin,3,1,0
2025-08-18,Tahu Bacem,6,1,0
2025-08-18,Tempe Bacem,6,1,0
2025-08-18,Nasi Kucing Ayam Suwir,3,1,0
2025-08-18,Nasi Kucing Cumi Asin,3,1,0
2025-08-19,Buntut,9,2,0
2025-08-19,Telur Puyuh,18,2,0
2025-08-19,Tahu,10,2,0
2025-08-19,Ampela,9,2,0
2025-08-19,Usus,7,2,0
2025-08-19,Ceker,22,2,0
2025-08-19,Leher,2,2,0
2025-08-19,Cikua,4,2,0
2025-08-19,Sosis Kecil,13,2,0
2025-08-19,Sosis Besar,16,2,0
2025-08-19,Bakso,31,2,0
2025-08-19,Rais Boll Ayam Suwir,2,2,0
2025-08-19,Rais Boll Cumi Asin,2,2,0
2025-08-19,Tahu Bacem,3,2,0
2025-08-19,Tempe Bacem,3,2,0
2025-08-19,Nasi Kucing Ayam Suwir,2,2,0
2025-08-19,Nasi Kucing Cumi Asin,2,2,0
2025-08-20,Buntut,12,2,0
2025-08-20,Telur Puyuh,17,2,0
2025-08-20,Tahu,9,2,0
2025-08-20,Ampela,4,2,0
2025-08-20,Usus,9,2,0
2025-08-20,Ceker,26,2,0
2025-08-20,Leher,5,2,0
2025-08-20,Cikua,5,2,0
2025-08-20,Sosis Kecil,14,2,0
2025-08-20,Sosis Besar,20,2,0
2025-08-20,Bakso,34,2,0
2025-08-20,Rais Boll Ayam Suwir,2,2,0
2025-08-20,Rais Boll Cumi Asin,2,2,0
2025-08-20,Tahu Bacem,4,2,0
2025-08-20,Tempe Bacem,4,2,0
2025-08-20,Nasi Kucing Ayam Suwir,2,2,0
2025-08-20,Nasi Kucing Cumi Asin,2,2,0
2025-08-21,Buntut,18,1,0
2025-08-21,Telur Puyuh,26,1,0
2025-08-21,Tahu,16,1,0
2025-08-21,Ampela,15,1,0
2025-08-21,Usus,12,1,0
2025-08-21,Ceker,42,1,0
2025-08-21,Leher,6,1,0
2025-08-21,Cikua,5,1,0
2025-08-21,Sosis Kecil,17,1,0
2025-08-21,Sosis Besar,30,1,0
2025-08-21,Bakso,45,1,0
2025-08-21,Rais Boll Ayam Suwir,4,1,0
2025-08-21,Rais Boll Cumi Asin,4,1,0
2025-08-21,Tahu Bacem,6,1,0
2025-08-21,Tempe Bacem,7,1,0
2025-08-21,Nasi Kucing Ayam Suwir,3,1,0
2025-08-21,Nasi Kucing Cumi Asin,3,1,0
2025-08-22,Buntut,21,1,0
2025-08-22,Telur Puyuh,29,1,0
2025-08-22,Tahu,18,1,0
2025-08-22,Ampela,16,1,0
2025-08-22,Usus,14,1,0
2025-08-22,Ceker,48,1,0
2025-08-22,Leher,5,1,0
2025-08-22,Cikua,9,1,0
2025-08-22,Sosis Kecil,20,1,0
2025-08-22,Sosis Besar,28,1,0
2025-08-22,Bakso,51,1,0
2025-08-22,Rais Boll Ayam Suwir,4,1,0
2025-08-22,Rais Boll Cumi Asin,4,1,0
2025-08-22,Tahu Bacem,7,1,0
2025-08-22,Tempe Bacem,7,1,0
2025-08-22,Nasi Kucing Ayam Suwir,4,1,0
2025-08-22,Nasi Kucing Cumi Asin,4,1,0
2025-08-23,Buntut,8,2,0
2025-08-23,Telur Puyuh,24,2,0
2025-08-23,Tahu,15,2,0
2025-08-23,Ampela,14,2,0
2025-08-23,Usus,10,2,0
2025-08-23,Ceker,38,2,0
2025-08-23,Leher,4,2,0
2025-08-23,Cikua,9,2,0
2025-08-23,Sosis Kecil,15,2,0
2025-08-23,Sosis Besar,22,2,0
2025-08-23,Bakso,41,2,0
2025-08-23,Rais Boll Ayam Suwir,3,2,0
2025-08-23,Rais Boll Cumi Asin,3,2,0
2025-08-23,Tahu Bacem,6,2,0
2025-08-23,Tempe Bacem,5,2,0
2025-08-23,Nasi Kucing Ayam Suwir,3,2,0
2025-08-23,Nasi Kucing Cumi Asin,2,2,0
2025-08-24,Buntut,13,2,0
2025-08-24,Telur Puyuh,25,2,0
2025-08-24,Tahu,13,2,0
2025-08-24,Ampela,11,2,0
2025-08-24,Usus,10,2,0
2025-08-24,Ceker,30,2,0
2025-08-24,Leher,4,2,0
2025-08-24,Cikua,7,2,0
2025-08-24,Sosis Kecil,14,2,0
2025-08-24,Sosis Besar,26,2,0
2025-08-24,Bakso,37,2,0
2025-08-24,Rais Boll Ayam Suwir,3,2,0
2025-08-24,Rais Boll Cumi Asin,3,2,0
2025-08-24,Tahu Bacem,4,2,0
2025-08-24,Tempe Bacem,5,2,0
2025-08-24,Nasi Kucing Ayam Suwir,3,2,0
2025-08-24,Nasi Kucing Cumi Asin,2,2,0
2025-08-25,Buntut,11,2,0
2025-08-25,Telur Puyuh,17,2,0
2025-08-25,Tahu,9,2,0
2025-08-25,Ampela,10,2,0
2025-08-25,Usus,6,2,0
2025-08-25,Ceker,23,2,0
2025-08-25,Leher,4,2,0
2025-08-25,Cikua,5,2,0
2025-08-25,Sosis Kecil,12,2,0
2025-08-25,Sosis Besar,20,2,0
2025-08-25,Bakso,26,2,0
2025-08-25,Rais Boll Ayam Suwir,2,2,0
2025-08-25,Rais Boll Cumi Asin,2,2,0
2025-08-25,Tahu Bacem,3,2,0
2025-08-25,Tempe Bacem,3,2,0
2025-08-25,Nasi Kucing Ayam Suwir,2,2,0
2025-08-25,Nasi Kucing Cumi Asin,2,2,0
2025-08-26,Buntut,11,2,0
2025-08-26,Telur Puyuh,15,2,0
2025-08-26,Tahu,8,2,0
2025-08-26,Ampela,9,2,0
2025-08-26,Usus,10,2,0
2025-08-26,Ceker,27,2,0
2025-08-26,Leher,3,2,0
2025-08-26,Cikua,5,2,0
2025-08-26,Sosis Kecil,10,2,0
2025-08-26,Sosis Besar,15,2,0
2025-08-26,Bakso,32,2,0
2025-08-26,Rais Boll Ayam Suwir,2,2,0
2025-08-26,Rais Boll Cumi Asin,2,2,0
2025-08-26,Tahu Bacem,3,2,0
2025-08-26,Tempe Bacem,5,2,0
2025-08-26,Nasi Kucing Ayam Suwir,2,2,0
2025-08-26,Nasi Kucing Cumi Asin,2,2,0
2025-08-27,Buntut,10,2,0
2025-08-27,Telur Puyuh,22,2,0
2025-08-27,Tahu,11,2,0
2025-08-27,Ampela,11,2,0
2025-08-27,Usus,10,2,0
2025-08-27,Ceker,28,2,0
2025-08-27,Leher,3,2,0
2025-08-27,Cikua,5,2,0
2025-08-27,Sosis Kecil,10,2,0
2025-08-27,Sosis Besar,19,2,0
2025-08-27,Bakso,33,2,0
2025-08-27,Rais Boll Ayam Suwir,3,2,0
2025-08-27,Rais Boll Cumi Asin,2,2,0
2025-08-27,Tahu Bacem,3,2,0
2025-08-27,Tempe Bacem,4,2,0
2025-08-27,Nasi Kucing Ayam Suwir,2,2,0
2025-08-27,Nasi Kucing Cumi Asin,2,2,0
2025-08-28,Buntut,12,2,0
2025-08-28,Telur Puyuh,17,2,0
2025-08-28,Tahu,11,2,0
2025-08-28,Ampela,9,2,0
2025-08-28,Usus,8,2,0
2025-08-28,Ceker,36,2,0
2025-08-28,Leher,4,2,0
2025-08-28,Cikua,6,2,0
2025-08-28,Sosis Kecil,13,2,0
2025-08-28,Sosis Besar,18,2,0
2025-08-28,Bakso,32,2,0
2025-08-28,Rais Boll Ayam Suwir,3,2,0
2025-08-28,Rais Boll Cumi Asin,2,2,0
2025-08-28,Tahu Bacem,5,2,0
2025-08-28,Tempe Bacem,4,2,0
2025-08-28,Nasi Kucing Ayam Suwir,2,2,0
2025-08-28,Nasi Kucing Cumi Asin,2,2,0
2025-08-29,Buntut,15,2,0
2025-08-29,Telur Puyuh,25,2,0
2025-08-29,Tahu,12,2,0
2025-08-29,Ampela,12,2,0
2025-08-29,Usus,11,2,0
2025-08-29,Ceker,28,2,0
2025-08-29,Leher,4,2,0
2025-08-29,Cikua,7,2,0
2025-08-29,Sosis Kecil,14,2,0
2025-08-29,Sosis Besar,23,2,0
2025-08-29,Bakso,37,2,0
2025-08-29,Rais Boll Ayam Suwir,3,2,0
2025-08-29,Rais Boll Cumi Asin,3,2,0
2025-08-29,Tahu Bacem,5,2,0
2025-08-29,Tempe Bacem,5,2,0
2025-08-29,Nasi Kucing Ayam Suwir,2,2,0
2025-08-29,Nasi Kucing Cumi Asin,2,2,0
2025-08-30,Buntut,15,2,0
2025-08-30,Telur Puyuh,27,2,0
2025-08-30,Tahu,14,2,0
2025-08-30,Ampela,14,2,0
2025-08-30,Usus,10,2,0
2025-08-30,Ceker,34,2,0
2025-08-30,Leher,6,2,0
2025-08-30,Cikua,8,2,0
2025-08-30,Sosis Kecil,17,2,0
2025-08-30,Sosis Besar,28,2,0
2025-08-30,Bakso,48,2,0
2025-08-30,Rais Boll Ayam Suwir,3,2,0
2025-08-30,Rais Boll Cumi Asin,4,2,0
2025-08-30,Tahu Bacem,5,2,0
2025-08-30,Tempe Bacem,6,2,0
2025-08-30,Nasi Kucing Ayam Suwir,3,2,0
2025-08-30,Nasi Kucing Cumi Asin,3,2,0
2025-08-31,Buntut,13,2,0
2025-08-31,Telur Puyuh,23,2,0
2025-08-31,Tahu,12,2,0
2025-08-31,Ampela,13,2,0
2025-08-31,Usus,10,2,0
2025-08-31,Ceker,31,2,0
2025-08-31,Leher,5,2,0
2025-08-31,Cikua,9,2,0
2025-08-31,Sosis Kecil,16,2,0
2025-08-31,Sosis Besar,22,2,0
2025-08-31,Bakso,40,2,0
2025-08-31,Rais Boll Ayam Suwir,3,2,0
2025-08-31,Rais Boll Cumi Asin,3,2,0
2025-08-31,Tahu Bacem,4,2,0
2025-08-31,Tempe Bacem,5,2,0
2025-08-31,Nasi Kucing Ayam Suwir,3,2,0
2025-08-31,Nasi Kucing Cumi Asin,2,2,0
2025-09-01,Buntut,8,2,0
2025-09-01,Telur Puyuh,13,2,0
2025-09-01,Tahu,7,2,0
2025-09-01,Ampela,7,2,0
2025-09-01,Usus,8,2,0
2025-09-01,Ceker,16,2,0
2025-09-01,Leher,2,2,0
2025-09-01,Cikua,5,2,0
2025-09-01,Sosis Kecil,11,2,0
2025-09-01,Sosis Besar,13,2,0
2025-09-01,Bakso,22,2,0
2025-09-01,Rais Boll Ayam Suwir,2,2,0
2025-09-01,Rais Boll Cumi Asin,2,2,0
2025-09-01,Tahu Bacem,3,2,0
2025-09-01,Tempe Bacem,3,2,0
2025-09-01,Nasi Kucing Ayam Suwir,2,2,0
2025-09-01,Nasi Kucing Cumi Asin,2,2,0
2025-09-02,Buntut,10,2,0
2025-09-02,Telur Puyuh,14,2,0
2025-09-02,Tahu,8,2,0
2025-09-02,Ampela,9,2,0
2025-09-02,Usus,8,2,0
2025-09-02,Ceker,22,2,0
2025-09-02,Leher,5,2,0
2025-09-02,Cikua,4,2,0
2025-09-02,Sosis Kecil,10,2,0
2025-09-02,Sosis Besar,16,2,0
2025-09-02,Bakso,29,2,0
2025-09-02,Rais Boll Ayam Suwir,2,2,0
2025-09-02,Rais Boll Cumi Asin,3,2,0
2025-09-02,Tahu Bacem,3,2,0
2025-09-02,Tempe Bacem,4,2,0
2025-09-02,Nasi Kucing Ayam Suwir,2,2,0
2025-09-02,Nasi Kucing Cumi Asin,2,2,0
2025-09-03,Buntut,11,2,0
2025-09-03,Telur Puyuh,15,2,0
2025-09-03,Tahu,11,2,0
2025-09-03,Ampela,9,2,0
2025-09-03,Usus,6,2,0
2025-09-03,Ceker,26,2,0
2025-09-03,Leher,4,2,0
2025-09-03,Cikua,5,2,0
2025-09-03,Sosis Kecil,11,2,0
2025-09-03,Sosis Besar,18,2,0
2025-09-03,Bakso,33,2,0
2025-09-03,Rais Boll Ayam Suwir,3,2,0
2025-09-03,Rais Boll Cumi Asin,2,2,0
2025-09-03,Tahu Bacem,3,2,0
2025-09-03,Tempe Bacem,3,2,0
2025-09-03,Nasi Kucing Ayam Suwir,2,2,0
2025-09-03,Nasi Kucing Cumi Asin,2,2,0
2025-09-04,Buntut,11,2,0
2025-09-04,Telur Puyuh,21,2,0
2025-09-04,Tahu,9,2,0
2025-09-04,Ampela,8,2,0
2025-09-04,Usus,9,2,0
2025-09-04,Ceker,26,2,0
2025-09-04,Leher,0,2,0
2025-09-04,Cikua,5,2,0
2025-09-04,Sosis Kecil,11,2,0
2025-09-04,Sosis Besar,18,2,0
2025-09-04,Bakso,28,2,0
2025-09-04,Rais Boll Ayam Suwir,2,2,0
2025-09-04,Rais Boll Cumi Asin,2,2,0
2025-09-04,Tahu Bacem,3,2,0
2025-09-04,Tempe Bacem,4,2,0
2025-09-04,Nasi Kucing Ayam Suwir,2,2,0
2025-09-04,Nasi Kucing Cumi Asin,2,2,0
2025-09-05,Buntut,16,2,1
2025-09-05,Telur Puyuh,24,2,1
2025-09-05,Tahu,12,2,1
2025-09-05,Ampela,16,2,1
2025-09-05,Usus,11,2,1
2025-09-05,Ceker,28,2,1
2025-09-05,Leher,6,2,1
2025-09-05,Cikua,8,2,1
2025-09-05,Sosis Kecil,13,2,1
2025-09-05,Sosis Besar,22,2,1
2025-09-05,Bakso,42,2,1
2025-09-05,Rais Boll Ayam Suwir,3,2,1
2025-09-05,Rais Boll Cumi Asin,3,2,1
2025-09-05,Tahu Bacem,6,2,1
2025-09-05,Tempe Bacem,5,2,1
2025-09-05,Nasi Kucing Ayam Suwir,3,2,1
2025-09-05,Nasi Kucing Cumi Asin,3,2,1
2025-09-06,Buntut,18,2,0
2025-09-06,Telur Puyuh,24,2,0
2025-09-06,Tahu,14,2,0
2025-09-06,Ampela,14,2,0
2025-09-06,Usus,12,2,0
2025-09-06,Ceker,32,2,0
2025-09-06,Leher,4,2,0
2025-09-06,Cikua,7,2,0
2025-09-06,Sosis Kecil,17,2,0
2025-09-06,Sosis Besar,28,2,0
2025-09-06,Bakso,38,2,0
2025-09-06,Rais Boll Ayam Suwir,3,2,0
2025-09-06,Rais Boll Cumi Asin,3,2,0
2025-09-06,Tahu Bacem,5,2,0
2025-09-06,Tempe Bacem,5,2,0
2025-09-06,Nasi Kucing Ayam Suwir,3,2,0
2025-09-06,Nasi Kucing Cumi Asin,3,2,0
2025-09-07,Buntut,14,2,0
2025-09-07,Telur Puyuh,23,2,0
2025-09-07,Tahu,14,2,0
2025-09-07,Ampela,11,2,0
2025-09-07,Usus,8,2,0
2025-09-07,Ceker,27,2,0
2025-09-07,Leher,5,2,0
2025-09-07,Cikua,7,2,0
2025-09-07,Sosis Kecil,15,2,0
2025-09-07,Sosis Besar,22,2,0
2025-09-07,Bakso,34,2,0
2025-09-07,Rais Boll Ayam Suwir,3,2,0
2025-09-07,Rais Boll Cumi Asin,3,2,0
2025-09-07,Tahu Bacem,4,2,0
2025-09-07,Tempe Bacem,5,2,0
2025-09-07,Nasi Kucing Ayam Suwir,2,2,0
2025-09-07,Nasi Kucing Cumi Asin,2,2,0
2025-09-08,Buntut,12,2,0
2025-09-08,Telur Puyuh,19,2,0
2025-09-08,Tahu,7,2,0
2025-09-08,Ampela,7,2,0
2025-09-08,Usus,8,2,0
2025-09-08,Ceker,21,2,0
2025-09-08,Leher,4,2,0
2025-09-08,Cikua,5,2,0
2025-09-08,Sosis Kecil,11,2,0
2025-09-08,Sosis Besar,14,2,0
2025-09-08,Bakso,28,2,0
2025-09-08,Rais Boll Ayam Suwir,2,2,0
2025-09-08,Rais Boll Cumi Asin,2,2,0
2025-09-08,Tahu Bacem,3,2,0
2025-09-08,Tempe Bacem,3,2,0
2025-09-08,Nasi Kucing Ayam Suwir,2,2,0
2025-09-08,Nasi Kucing Cumi Asin,2,2,0
2025-09-09,Buntut,10,2,0
2025-09-09,Telur Puyuh,15,2,0
2025-09-09,Tahu,9,2,0
2025-09-09,Ampela,9,2,0
2025-09-09,Usus,6,2,0
2025-09-09,Ceker,23,2,0
2025-09-09,Leher,3,2,0
2025-09-09,Cikua,2,2,0
2025-09-09,Sosis Kecil,8,2,0
2025-09-09,Sosis Besar,15,2,0
2025-09-09,Bakso,28,2,0
2025-09-09,Rais Boll Ayam Suwir,2,2,0
2025-09-09,Rais Boll Cumi Asin,2,2,0
2025-09-09,Tahu Bacem,4,2,0
2025-09-09,Tempe Bacem,3,2,0
2025-09-09,Nasi Kucing Ayam Suwir,2,2,0
2025-09-09,Nasi Kucing Cumi Asin,2,2,0
2025-09-10,Buntut,11,2,0
2025-09-10,Telur Puyuh,19,2,0
2025-09-10,Tahu,9,2,0
2025-09-10,Ampela,6,2,0
2025-09-10,Usus,8,2,0
2025-09-10,Ceker,23,2,0
2025-09-10,Leher,0,2,0
2025-09-10,Cikua,4,2,0
2025-09-10,Sosis Kecil,9,2,0
2025-09-10,Sosis Besar,18,2,0
2025-09-10,Bakso,33,2,0
2025-09-10,Rais Boll Ayam Suwir,2,2,0
2025-09-10,Rais Boll Cumi Asin,2,2,0
2025-09-10,Tahu Bacem,3,2,0
2025-09-10,Tempe Bacem,3,2,0
2025-09-10,Nasi Kucing Ayam Suwir,2,2,0
2025-09-10,Nasi Kucing Cumi Asin,2,2,0
2025-09-11,Buntut,11,2,0
2025-09-11,Telur Puyuh,18,2,0
2025-09-11,Tahu,10,2,0
2025-09-11,Ampela,9,2,0
2025-09-11,Usus,9,2,0
2025-09-11,Ceker,24,2,0
2025-09-11,Leher,4,2,0
2025-09-11,Cikua,2,2,0
2025-09-11,Sosis Kecil,10,2,0
2025-09-11,Sosis Besar,18,2,0
2025-09-11,Bakso,29,2,0
2025-09-11,Rais Boll Ayam Suwir,3,2,0
2025-09-11,Rais Boll Cumi Asin,2,2,0
2025-09-11,Tahu Bacem,4,2,0
2025-09-11,Tempe Bacem,3,2,0
2025-09-11,Nasi Kucing Ayam Suwir,1,2,0
2025-09-11,Nasi Kucing Cumi Asin,2,2,0
2025-09-12,Buntut,13,2,0
2025-09-12,Telur Puyuh,18,2,0
2025-09-12,Tahu,14,2,0
2025-09-12,Ampela,9,2,0
2025-09-12,Usus,7,2,0
2025-09-12,Ceker,27,2,0
2025-09-12,Leher,3,2,0
2025-09-12,Cikua,4,2,0
2025-09-12,Sosis Kecil,13,2,0
2025-09-12,Sosis Besar,24,2,0
2025-09-12,Bakso,32,2,0
2025-09-12,Rais Boll Ayam Suwir,3,2,0
2025-09-12,Rais Boll Cumi Asin,2,2,0
2025-09-12,Tahu Bacem,4,2,0
2025-09-12,Tempe Bacem,5,2,0
2025-09-12,Nasi Kucing Ayam Suwir,2,2,0
2025-09-12,Nasi Kucing Cumi Asin,2,2,0
2025-09-13,Buntut,15,2,0
2025-09-13,Telur Puyuh,19,2,0
2025-09-13,Tahu,14,2,0
2025-09-13,Ampela,15,2,0
2025-09-13,Usus,9,2,0
2025-09-13,Ceker,32,2,0
2025-09-13,Leher,5,2,0
2025-09-13,Cikua,6,2,0
2025-09-13,Sosis Kecil,14,2,0
2025-09-13,Sosis Besar,26,2,0
2025-09-13,Bakso,38,2,0
2025-09-13,Rais Boll Ayam Suwir,3,2,0
2025-09-13,Rais Boll Cumi Asin,3,2,0
2025-09-13,Tahu Bacem,6,2,0
2025-09-13,Tempe Bacem,5,2,0
2025-09-13,Nasi Kucing Ayam Suwir,2,2,0
2025-09-13,Nasi Kucing Cumi Asin,2,2,0
2025-09-14,Buntut,15,2,0
2025-09-14,Telur Puyuh,23,2,0
2025-09-14,Tahu,9,2,0
2025-09-14,Ampela,11,2,0
2025-09-14,Usus,12,2,0
2025-09-14,Ceker,28,2,0
2025-09-14,Leher,4,2,0
2025-09-14,Cikua,7,2,0
2025-09-14,Sosis Kecil,12,2,0
2025-09-14,Sosis Besar,17,2,0
2025-09-14,Bakso,36,2,0
2025-09-14,Rais Boll Ayam Suwir,3,2,0
2025-09-14,Rais Boll Cumi Asin,3,2,0
2025-09-14,Tahu Bacem,4,2,0
2025-09-14,Tempe Bacem,5,2,0
2025-09-14,Nasi Kucing Ayam Suwir,3,2,0
2025-09-14,Nasi Kucing Cumi Asin,2,2,0
2025-09-15,Buntut,10,2,0
2025-09-15,Telur Puyuh,14,2,0
2025-09-15,Tahu,6,2,0
2025-09-15,Ampela,8,2,0
2025-09-15,Usus,6,2,0
2025-09-15,Ceker,22,2,0
2025-09-15,Leher,4,2,0
2025-09-15,Cikua,5,2,0
2025-09-15,Sosis Kecil,9,2,0
2025-09-15,Sosis Besar,15,2,0
2025-09-15,Bakso,26,2,0
2025-09-15,Rais Boll Ayam Suwir,2,2,0
2025-09-15,Rais Boll Cumi Asin,2,2,0
2025-09-15,Tahu Bacem,4,2,0
2025-09-15,Tempe Bacem,3,2,0
2025-09-15,Nasi Kucing Ayam Suwir,2,2,0
2025-09-15,Nasi Kucing Cumi Asin,1,2,0
2025-09-16,Buntut,9,2,0
2025-09-16,Telur Puyuh,14,2,0
2025-09-16,Tahu,8,2,0
2025-09-16,Ampela,8,2,0
2025-09-16,Usus,8,2,0
2025-09-16,Ceker,21,2,0
2025-09-16,Leher,3,2,0
2025-09-16,Cikua,5,2,0
2025-09-16,Sosis Kecil,11,2,0
2025-09-16,Sosis Besar,15,2,0
2025-09-16,Bakso,28,2,0
2025-09-16,Rais Boll Ayam Suwir,2,2,0
2025-09-16,Rais Boll Cumi Asin,2,2,0
2025-09-16,Tahu Bacem,4,2,0
2025-09-16,Tempe Bacem,3,2,0
2025-09-16,Nasi Kucing Ayam Suwir,2,2,0
2025-09-16,Nasi Kucing Cumi Asin,2,2,0
2025-09-17,Buntut,10,2,0
2025-09-17,Telur Puyuh,13,2,0
2025-09-17,Tahu,11,2,0
2025-09-17,Ampela,9,2,0
2025-09-17,Usus,7,2,0
2025-09-17,Ceker,24,2,0
2025-09-17,Leher,2,2,0
2025-09-17,Cikua,6,2,0
2025-09-17,Sosis Kecil,10,2,0
2025-09-17,Sosis Besar,22,2,0
2025-09-17,Bakso,26,2,0
2025-09-17,Rais Boll Ayam Suwir,2,2,0
2025-09-17,Rais Boll Cumi Asin,2,2,0
2025-09-17,Tahu Bacem,4,2,0
2025-09-17,Tempe Bacem,4,2,0
2025-09-17,Nasi Kucing Ayam Suwir,2,2,0
2025-09-17,Nasi Kucing Cumi Asin,2,2,0
2025-09-18,Buntut,11,2,0
2025-09-18,Telur Puyuh,18,2,0
2025-09-18,Tahu,11,2,0
2025-09-18,Ampela,9,2,0
2025-09-18,Usus,5,2,0
2025-09-18,Ceker,21,2,0
2025-09-18,Leher,4,2,0
2025-09-18,Cikua,5,2,0
2025-09-18,Sosis Kecil,12,2,0
2025-09-18,Sosis Besar,15,2,0
2025-09-18,Bakso,31,2,0
2025-09-18,Rais Boll Ayam Suwir,2,2,0
2025-09-18,Rais Boll Cumi Asin,2,2,0
2025-09-18,Tahu Bacem,4,2,0
2025-09-18,Tempe Bacem,4,2,0
2025-09-18,Nasi Kucing Ayam Suwir,2,2,0
2025-09-18,Nasi Kucing Cumi Asin,2,2,0
2025-09-19,Buntut,12,2,0
2025-09-19,Telur Puyuh,21,2,0
2025-09-19,Tahu,12,2,0
2025-09-19,Ampela,10,2,0
2025-09-19,Usus,7,2,0
2025-09-19,Ceker,28,2,0
2025-09-19,Leher,3,2,0
2025-09-19,Cikua,7,2,0
2025-09-19,Sosis Kecil,14,2,0
2025-09-19,Sosis Besar,23,2,0
2025-09-19,Bakso,37,2,0
2025-09-19,Rais Boll Ayam Suwir,2,2,0
2025-09-19,Rais Boll Cumi Asin,2,2,0
2025-09-19,Tahu Bacem,4,2,0
2025-09-19,Tempe Bacem,5,2,0
2025-09-19,Nasi Kucing Ayam Suwir,2,2,0
2025-09-19,Nasi Kucing Cumi Asin,3,2,0
2025-09-20,Buntut,12,2,0
2025-09-20,Telur Puyuh,27,2,0
2025-09-20,Tahu,12,2,0
2025-09-20,Ampela,15,2,0
2025-09-20,Usus,11,2,0
2025-09-20,Ceker,28,2,0
2025-09-20,Leher,1,2,0
2025-09-20,Cikua,7,2,0
2025-09-20,Sosis Kecil,14,2,0
2025-09-20,Sosis Besar,25,2,0
2025-09-20,Bakso,42,2,0
2025-09-20,Rais Boll Ayam Suwir,3,2,0
2025-09-20,Rais Boll Cumi Asin,3,2,0
2025-09-20,Tahu Bacem,4,2,0
2025-09-20,Tempe Bacem,4,2,0
2025-09-20,Nasi Kucing Ayam Suwir,3,2,0
2025-09-20,Nasi Kucing Cumi Asin,2,2,0
2025-09-21,Buntut,12,2,0
2025-09-21,Telur Puyuh,20,2,0
2025-09-21,Tahu,14,2,0
2025-09-21,Ampela,13,2,0
2025-09-21,Usus,6,2,0
2025-09-21,Ceker,27,2,0
2025-09-21,Leher,4,2,0
2025-09-21,Cikua,7,2,0
2025-09-21,Sosis Kecil,13,2,0
2025-09-21,Sosis Besar,22,2,0
2025-09-21,Bakso,38,2,0
2025-09-21,Rais Boll Ayam Suwir,2,2,0
2025-09-21,Rais Boll Cumi Asin,1,2,0
2025-09-21,Tahu Bacem,5,2,0
2025-09-21,Tempe Bacem,4,2,0
2025-09-21,Nasi Kucing Ayam Suwir,3,2,0
2025-09-21,Nasi Kucing Cumi Asin,3,2,0
2025-09-22,Buntut,10,2,0
2025-09-22,Telur Puyuh,14,2,0
2025-09-22,Tahu,9,2,0
2025-09-22,Ampela,7,2,0
2025-09-22,Usus,6,2,0
2025-09-22,Ceker,19,2,0
2025-09-22,Leher,2,2,0
2025-09-22,Cikua,3,2,0
2025-09-22,Sosis Kecil,10,2,0
2025-09-22,Sosis Besar,17,2,0
2025-09-22,Bakso,24,2,0
2025-09-22,Rais Boll Ayam Suwir,2,2,0
2025-09-22,Rais Boll Cumi Asin,2,2,0
2025-09-22,Tahu Bacem,3,2,0
2025-09-22,Tempe Bacem,3,2,0
2025-09-22,Nasi Kucing Ayam Suwir,2,2,0
2025-09-22,Nasi Kucing Cumi Asin,1,2,0
2025-09-23,Buntut,10,2,0
2025-09-23,Telur Puyuh,14,2,0
2025-09-23,Tahu,9,2,0
2025-09-23,Ampela,8,2,0
2025-09-23,Usus,9,2,0
2025-09-23,Ceker,19,2,0
2025-09-23,Leher,3,2,0
2025-09-23,Cikua,6,2,0
2025-09-23,Sosis Kecil,10,2,0
2025-09-23,Sosis Besar,17,2,0
2025-09-23,Bakso,27,2,0
2025-09-23,Rais Boll Ayam Suwir,2,2,0
2025-09-23,Rais Boll Cumi Asin,2,2,0
2025-09-23,Tahu Bacem,3,2,0
2025-09-23,Tempe Bacem,3,2,0
2025-09-23,Nasi Kucing Ayam Suwir,2,2,0
2025-09-23,Nasi Kucing Cumi Asin,2,2,0
2025-09-24,Buntut,10,2,0
2025-09-24,Telur Puyuh,19,2,0
2025-09-24,Tahu,12,2,0
2025-09-24,Ampela,10,2,0
2025-09-24,Usus,8,2,0
2025-09-24,Ceker,22,2,0
2025-09-24,Leher,3,2,0
2025-09-24,Cikua,5,2,0
2025-09-24,Sosis Kecil,11,2,0
2025-09-24,Sosis Besar,18,2,0
2025-09-24,Bakso,28,2,0
2025-09-24,Rais Boll Ayam Suwir,2,2,0
2025-09-24,Rais Boll Cumi Asin,2,2,0
2025-09-24,Tahu Bacem,3,2,0
2025-09-24,Tempe Bacem,3,2,0
2025-09-24,Nasi Kucing Ayam Suwir,2,2,0
2025-09-24,Nasi Kucing Cumi Asin,2,2,0
2025-09-25,Buntut,11,2,0
2025-09-25,Telur Puyuh,21,2,0
2025-09-25,Tahu,11,2,0
2025-09-25,Ampela,10,2,0
2025-09-25,Usus,8,2,0
2025-09-25,Ceker,22,2,0
2025-09-25,Leher,3,2,0
2025-09-25,Cikua,6,2,0
2025-09-25,Sosis Kecil,12,2,0
2025-09-25,Sosis Besar,21,2,0
2025-09-25,Bakso,28,2,0
2025-09-25,Rais Boll Ayam Suwir,3,2,0
2025-09-25,Rais Boll Cumi Asin,3,2,0
2025-09-25,Tahu Bacem,4,2,0
2025-09-25,Tempe Bacem,4,2,0
2025-09-25,Nasi Kucing Ayam Suwir,2,2,0
2025-09-25,Nasi Kucing Cumi Asin,2,2,0
2025-09-26,Buntut,11,2,0
2025-09-26,Telur Puyuh,23,2,0
2025-09-26,Tahu,12,2,0
2025-09-26,Ampela,11,2,0
2025-09-26,Usus,8,2,0
2025-09-26,Ceker,27,2,0
2025-09-26,Leher,5,2,0
2025-09-26,Cikua,7,2,0
2025-09-26,Sosis Kecil,13,2,0
2025-09-26,Sosis Besar,20,2,0
2025-09-26,Bakso,37,2,0
2025-09-26,Rais Boll Ayam Suwir,3,2,0
2025-09-26,Rais Boll Cumi Asin,3,2,0
2025-09-26,Tahu Bacem,4,2,0
2025-09-26,Tempe Bacem,4,2,0
2025-09-26,Nasi Kucing Ayam Suwir,2,2,0
2025-09-26,Nasi Kucing Cumi Asin,2,2,0
2025-09-27,Buntut,16,2,0
2025-09-27,Telur Puyuh,22,2,0
2025-09-27,Tahu,13,2,0
2025-09-27,Ampela,12,2,0
2025-09-27,Usus,10,2,0
2025-09-27,Ceker,35,2,0
2025-09-27,Leher,6,2,0
2025-09-27,Cikua,7,2,0
2025-09-27,Sosis Kecil,13,2,0
2025-09-27,Sosis Besar,23,2,0
2025-09-27,Bakso,43,2,0
2025-09-27,Rais Boll Ayam Suwir,3,2,0
2025-09-27,Rais Boll Cumi Asin,3,2,0
2025-09-27,Tahu Bacem,5,2,0
2025-09-27,Tempe Bacem,5,2,0
2025-09-27,Nasi Kucing Ayam Suwir,3,2,0
2025-09-27,Nasi Kucing Cumi Asin,2,2,0
2025-09-28,Buntut,13,2,0
2025-09-28,Telur Puyuh,22,2,0
2025-09-28,Tahu,10,2,0
2025-09-28,Ampela,11,2,0
2025-09-28,Usus,11,2,0
2025-09-28,Ceker,29,2,0
2025-09-28,Leher,5,2,0
2025-09-28,Cikua,8,2,0
2025-09-28,Sosis Kecil,12,2,0
2025-09-28,Sosis Besar,23,2,0
2025-09-28,Bakso,32,2,0
2025-09-28,Rais Boll Ayam Suwir,3,2,0
2025-09-28,Rais Boll Cumi Asin,3,2,0
2025-09-28,Tahu Bacem,5,2,0
2025-09-28,Tempe Bacem,4,2,0
2025-09-28,Nasi Kucing Ayam Suwir,2,2,0
2025-09-28,Nasi Kucing Cumi Asin,2,2,0
2025-09-29,Buntut,7,2,0
2025-09-29,Telur Puyuh,14,2,0
2025-09-29,Tahu,10,2,0
2025-09-29,Ampela,6,2,0
2025-09-29,Usus,7,2,0
2025-09-29,Ceker,18,2,0
2025-09-29,Leher,3,2,0
2025-09-29,Cikua,5,2,0
2025-09-29,Sosis Kecil,10,2,0
2025-09-29,Sosis Besar,16,2,0
2025-09-29,Bakso,27,2,0
2025-09-29,Rais Boll Ayam Suwir,2,2,0
2025-09-29,Rais Boll Cumi Asin,2,2,0
2025-09-29,Tahu Bacem,3,2,0
2025-09-29,Tempe Bacem,4,2,0
2025-09-29,Nasi Kucing Ayam Suwir,2,2,0
2025-09-29,Nasi Kucing Cumi Asin,2,2,0
2025-09-30,Buntut,12,2,0
2025-09-30,Telur Puyuh,16,2,0
2025-09-30,Tahu,10,2,0
2025-09-30,Ampela,11,2,0
2025-09-30,Usus,8,2,0
2025-09-30,Ceker,22,2,0
2025-09-30,Leher,3,2,0
2025-09-30,Cikua,6,2,0
2025-09-30,Sosis Kecil,11,2,0
2025-09-30,Sosis Besar,16,2,0
2025-09-30,Bakso,27,2,0
2025-09-30,Rais Boll Ayam Suwir,2,2,0
2025-09-30,Rais Boll Cumi Asin,2,2,0
2025-09-30,Tahu Bacem,4,2,0
2025-09-30,Tempe Bacem,3,2,0
2025-09-30,Nasi Kucing Ayam Suwir,2,2,0
2025-09-30,Nasi Kucing Cumi Asin,2,2,0
2025-10-01,Buntut,10,2,0
2025-10-01,Telur Puyuh,14,2,0
2025-10-01,Tahu,9,2,0
2025-10-01,Ampela,10,2,0
2025-10-01,Usus,6,2,0
2025-10-01,Ceker,19,2,0
2025-10-01,Leher,3,2,0
2025-10-01,Cikua,2,2,0
2025-10-01,Sosis Kecil,11,2,0
2025-10-01,Sosis Besar,17,2,0
2025-10-01,Bakso,30,2,0
2025-10-01,Rais Boll Ayam Suwir,2,2,0
2025-10-01,Rais Boll Cumi Asin,2,2,0
2025-10-01,Tahu Bacem,4,2,0
2025-10-01,Tempe Bacem,4,2,0
2025-10-01,Nasi Kucing Ayam Suwir,2,2,0
2025-10-01,Nasi Kucing Cumi Asin,2,2,0
2025-10-02,Buntut,10,2,0
2025-10-02,Telur Puyuh,20,2,0
2025-10-02,Tahu,10,2,0
2025-10-02,Ampela,12,2,0
2025-10-02,Usus,7,2,0
2025-10-02,Ceker,20,2,0
2025-10-02,Leher,3,2,0
2025-10-02,Cikua,6,2,0
2025-10-02,Sosis Kecil,13,2,0
2025-10-02,Sosis Besar,22,2,0
2025-10-02,Bakso,28,2,0
2025-10-02,Rais Boll Ayam Suwir,3,2,0
2025-10-02,Rais Boll Cumi Asin,2,2,0
2025-10-02,Tahu Bacem,4,2,0
2025-10-02,Tempe Bacem,4,2,0
2025-10-02,Nasi Kucing Ayam Suwir,2,2,0
2025-10-02,Nasi Kucing Cumi Asin,2,2,0
2025-10-03,Buntut,11,2,0
2025-10-03,Telur Puyuh,20,2,0
2025-10-03,Tahu,14,2,0
2025-10-03,Ampela,12,2,0
2025-10-03,Usus,9,2,0
2025-10-03,Ceker,27,2,0
2025-10-03,Leher,3,2,0
2025-10-03,Cikua,6,2,0
2025-10-03,Sosis Kecil,14,2,0
2025-10-03,Sosis Besar,21,2,0
2025-10-03,Bakso,32,2,0
2025-10-03,Rais Boll Ayam Suwir,3,2,0
2025-10-03,Rais Boll Cumi Asin,3,2,0
2025-10-03,Tahu Bacem,4,2,0
2025-10-03,Tempe Bacem,3,2,0
2025-10-03,Nasi Kucing Ayam Suwir,2,2,0
2025-10-03,Nasi Kucing Cumi Asin,2,2,0
2025-10-04,Buntut,14,2,0
2025-10-04,Telur Puyuh,25,2,0
2025-10-04,Tahu,13,2,0
2025-10-04,Ampela,14,2,0
2025-10-04,Usus,9,2,0
2025-10-04,Ceker,27,2,0
2025-10-04,Leher,6,2,0
2025-10-04,Cikua,7,2,0
2025-10-04,Sosis Kecil,15,2,0
2025-10-04,Sosis Besar,22,2,0
2025-10-04,Bakso,38,2,0
2025-10-04,Rais Boll Ayam Suwir,3,2,0
2025-10-04,Rais Boll Cumi Asin,3,2,0
2025-10-04,Tahu Bacem,5,2,0
2025-10-04,Tempe Bacem,5,2,0
2025-10-04,Nasi Kucing Ayam Suwir,3,2,0
2025-10-04,Nasi Kucing Cumi Asin,2,2,0
2025-10-05,Buntut,12,2,0
2025-10-05,Telur Puyuh,21,2,0
2025-10-05,Tahu,11,2,0
2025-10-05,Ampela,11,2,0
2025-10-05,Usus,7,2,0
2025-10-05,Ceker,26,2,0
2025-10-05,Leher,4,2,0
2025-10-05,Cikua,6,2,0
2025-10-05,Sosis Kecil,11,2,0
2025-10-05,Sosis Besar,20,2,0
2025-10-05,Bakso,33,2,0
2025-10-05,Rais Boll Ayam Suwir,3,2,0
2025-10-05,Rais Boll Cumi Asin,3,2,0
2025-10-05,Tahu Bacem,5,2,0
2025-10-05,Tempe Bacem,5,2,0
2025-10-05,Nasi Kucing Ayam Suwir,2,2,0
2025-10-05,Nasi Kucing Cumi Asin,2,2,0
2025-10-06,Buntut,9,2,0
2025-10-06,Telur Puyuh,14,2,0
2025-10-06,Tahu,9,2,0
2025-10-06,Ampela,7,2,0
2025-10-06,Usus,8,2,0
2025-10-06,Ceker,18,2,0
2025-10-06,Leher,4,2,0
2025-10-06,Cikua,5,2,0
2025-10-06,Sosis Kecil,8,2,0
2025-10-06,Sosis Besar,15,2,0
2025-10-06,Bakso,24,2,0
2025-10-06,Rais Boll Ayam Suwir,2,2,0
2025-10-06,Rais Boll Cumi Asin,2,2,0
2025-10-06,Tahu Bacem,3,2,0
2025-10-06,Tempe Bacem,1,2,0
2025-10-06,Nasi Kucing Ayam Suwir,2,2,0
2025-10-06,Nasi Kucing Cumi Asin,2,2,0
2025-10-07,Buntut,12,2,0
2025-10-07,Telur Puyuh,13,2,0
2025-10-07,Tahu,8,2,0
2025-10-07,Ampela,9,2,0
2025-10-07,Usus,8,2,0
2025-10-07,Ceker,20,2,0
2025-10-07,Leher,3,2,0
2025-10-07,Cikua,3,2,0
2025-10-07,Sosis Kecil,12,2,0
2025-10-07,Sosis Besar,17,2,0
2025-10-07,Bakso,27,2,0
2025-10-07,Rais Boll Ayam Suwir,2,2,0
2025-10-07,Rais Boll Cumi Asin,2,2,0
2025-10-07,Tahu Bacem,3,2,0
2025-10-07,Tempe Bacem,4,2,0
2025-10-07,Nasi Kucing Ayam Suwir,2,2,0
2025-10-07,Nasi Kucing Cumi Asin,2,2,0
2025-10-08,Buntut,11,2,0
2025-10-08,Telur Puyuh,20,2,0
2025-10-08,Tahu,12,2,0
2025-10-08,Ampela,8,2,0
2025-10-08,Usus,6,2,0
2025-10-08,Ceker,20,2,0
2025-10-08,Leher,3,2,0
2025-10-08,Cikua,5,2,0
2025-10-08,Sosis Kecil,10,2,0
2025-10-08,Sosis Besar,20,2,0
2025-10-08,Bakso,26,2,0
2025-10-08,Rais Boll Ayam Suwir,2,2,0
2025-10-08,Rais Boll Cumi Asin,2,2,0
2025-10-08,Tahu Bacem,3,2,0
2025-10-08,Tempe Bacem,3,2,0
2025-10-08,Nasi Kucing Ayam Suwir,2,2,0
2025-10-08,Nasi Kucing Cumi Asin,2,2,0
2025-10-09,Buntut,10,2,0
2025-10-09,Telur Puyuh,18,2,0
2025-10-09,Tahu,11,2,0
2025-10-09,Ampela,10,2,0
2025-10-09,Usus,7,2,0
2025-10-09,Ceker,27,2,0
2025-10-09,Leher,4,2,0
2025-10-09,Cikua,6,2,0
2025-10-09,Sosis Kecil,12,2,0
2025-10-09,Sosis Besar,19,2,0
2025-10-09,Bakso,31,2,0
2025-10-09,Rais Boll Ayam Suwir,2,2,0
2025-10-09,Rais Boll Cumi Asin,2,2,0
2025-10-09,Tahu Bacem,3,2,0
2025-10-09,Tempe Bacem,3,2,0
2025-10-09,Nasi Kucing Ayam Suwir,2,2,0
2025-10-09,Nasi Kucing Cumi Asin,2,2,0
2025-10-10,Buntut,12,2,0
2025-10-10,Telur Puyuh,19,2,0
2025-10-10,Tahu,12,2,0
2025-10-10,Ampela,11,2,0
2025-10-10,Usus,8,2,0
2025-10-10,Ceker,27,2,0
2025-10-10,Leher,5,2,0
2025-10-10,Cikua,6,2,0
2025-10-10,Sosis Kecil,14,2,0
2025-10-10,Sosis Besar,22,2,0
2025-10-10,Bakso,36,2,0
2025-10-10,Rais Boll Ayam Suwir,3,2,0
2025-10-10,Rais Boll Cumi Asin,2,2,0
2025-10-10,Tahu Bacem,5,2,0
2025-10-10,Tempe Bacem,4,2,0
2025-10-10,Nasi Kucing Ayam Suwir,2,2,0
2025-10-10,Nasi Kucing Cumi Asin,2,2,0
2025-10-11,Buntut,14,2,0
2025-10-11,Telur Puyuh,21,2,0
2025-10-11,Tahu,14,2,0
2025-10-11,Ampela,12,2,0
2025-10-11,Usus,11,2,0
2025-10-11,Ceker,29,2,0
2025-10-11,Leher,5,2,0
2025-10-11,Cikua,4,2,0
2025-10-11,Sosis Kecil,15,2,0
2025-10-11,Sosis Besar,21,2,0
2025-10-11,Bakso,34,2,0
2025-10-11,Rais Boll Ayam Suwir,4,2,0
2025-10-11,Rais Boll Cumi Asin,3,2,0
2025-10-11,Tahu Bacem,5,2,0
2025-10-11,Tempe Bacem,5,2,0
2025-10-11,Nasi Kucing Ayam Suwir,3,2,0
2025-10-11,Nasi Kucing Cumi Asin,3,2,0
2025-10-12,Buntut,12,2,0
2025-10-12,Telur Puyuh,22,2,0
2025-10-12,Tahu,12,2,0
2025-10-12,Ampela,14,2,0
2025-10-12,Usus,7,2,0
2025-10-12,Ceker,25,2,0
2025-10-12,Leher,3,2,0
2025-10-12,Cikua,7,2,0
2025-10-12,Sosis Kecil,13,2,0
2025-10-12,Sosis Besar,22,2,0
2025-10-12,Bakso,38,2,0
2025-10-12,Rais Boll Ayam Suwir,3,2,0
2025-10-12,Rais Boll Cumi Asin,3,2,0
2025-10-12,Tahu Bacem,4,2,0
2025-10-12,Tempe Bacem,4,2,0
2025-10-12,Nasi Kucing Ayam Suwir,2,2,0
2025-10-12,Nasi Kucing Cumi Asin,2,2,0
2025-10-13,Buntut,9,2,0
2025-10-13,Telur Puyuh,12,2,0
2025-10-13,Tahu,10,2,0
2025-10-13,Ampela,8,2,0
2025-10-13,Usus,6,2,0
2025-10-13,Ceker,19,2,0
2025-10-13,Leher,3,2,0
2025-10-13,Cikua,4,2,0
2025-10-13,Sosis Kecil,12,2,0
2025-10-13,Sosis Besar,13,2,0
2025-10-13,Bakso,21,2,0
2025-10-13,Rais Boll Ayam Suwir,2,2,0
2025-10-13,Rais Boll Cumi Asin,2,2,0
2025-10-13,Tahu Bacem,3,2,0
2025-10-13,Tempe Bacem,3,2,0
2025-10-13,Nasi Kucing Ayam Suwir,2,2,0
2025-10-13,Nasi Kucing Cumi Asin,2,2,0
2025-10-14,Buntut,11,2,0
2025-10-14,Telur Puyuh,13,2,0
2025-10-14,Tahu,12,2,0
2025-10-14,Ampela,11,2,0
2025-10-14,Usus,6,2,0
2025-10-14,Ceker,18,2,0
2025-10-14,Leher,4,2,0
2025-10-14,Cikua,1,2,0
2025-10-14,Sosis Kecil,9,2,0
2025-10-14,Sosis Besar,11,2,0
2025-10-14,Bakso,25,2,0
2025-10-14,Rais Boll Ayam Suwir,2,2,0
2025-10-14,Rais Boll Cumi Asin,2,2,0
2025-10-14,Tahu Bacem,3,2,0
2025-10-14,Tempe Bacem,3,2,0
2025-10-14,Nasi Kucing Ayam Suwir,2,2,0
2025-10-14,Nasi Kucing Cumi Asin,2,2,0
2025-10-15,Buntut,11,2,0
2025-10-15,Telur Puyuh,15,2,0
2025-10-15,Tahu,10,2,0
2025-10-15,Ampela,11,2,0
2025-10-15,Usus,7,2,0
2025-10-15,Ceker,22,2,0
2025-10-15,Leher,2,2,0
2025-10-15,Cikua,5,2,0
2025-10-15,Sosis Kecil,11,2,0
2025-10-15,Sosis Besar,15,2,0
2025-10-15,Bakso,25,2,0
2025-10-15,Rais Boll Ayam Suwir,2,2,0
2025-10-15,Rais Boll Cumi Asin,2,2,0
2025-10-15,Tahu Bacem,4,2,0
2025-10-15,Tempe Bacem,3,2,0
2025-10-15,Nasi Kucing Ayam Suwir,2,2,0
2025-10-15,Nasi Kucing Cumi Asin,2,2,0
2025-10-16,Buntut,10,2,0
2025-10-16,Telur Puyuh,17,2,0
2025-10-16,Tahu,12,2,0
2025-10-16,Ampela,9,2,0
2025-10-16,Usus,8,2,0
2025-10-16,Ceker,22,2,0
2025-10-16,Leher,3,2,0
2025-10-16,Cikua,7,2,0
2025-10-16,Sosis Kecil,13,2,0
2025-10-16,Sosis Besar,18,2,0
2025-10-16,Bakso,28,2,0
2025-10-16,Rais Boll Ayam Suwir,2,2,0
2025-10-16,Rais Boll Cumi Asin,2,2,0
2025-10-16,Tahu Bacem,4,2,0
2025-10-16,Tempe Bacem,4,2,0
2025-10-16,Nasi Kucing Ayam Suwir,2,2,0
2025-10-16,Nasi Kucing Cumi Asin,2,2,0
2025-10-17,Buntut,14,2,0
2025-10-17,Telur Puyuh,21,2,0
2025-10-17,Tahu,10,2,0
2025-10-17,Ampela,9,2,0
2025-10-17,Usus,8,2,0
2025-10-17,Ceker,33,2,0
2025-10-17,Leher,3,2,0
2025-10-17,Cikua,7,2,0
2025-10-17,Sosis Kecil,9,2,0
2025-10-17,Sosis Besar,16,2,0
2025-10-17,Bakso,38,2,0
2025-10-17,Rais Boll Ayam Suwir,2,2,0
2025-10-17,Rais Boll Cumi Asin,3,2,0
2025-10-17,Tahu Bacem,5,2,0
2025-10-17,Tempe Bacem,4,2,0
2025-10-17,Nasi Kucing Ayam Suwir,2,2,0
2025-10-17,Nasi Kucing Cumi Asin,2,2,0
2025-10-18,Buntut,15,2,0
2025-10-18,Telur Puyuh,22,2,0
2025-10-18,Tahu,12,2,0
2025-10-18,Ampela,13,2,0
2025-10-18,Usus,7,2,0
2025-10-18,Ceker,30,2,0
2025-10-18,Leher,6,2,0
2025-10-18,Cikua,5,2,0
2025-10-18,Sosis Kecil,12,2,0
2025-10-18,Sosis Besar,22,2,0
2025-10-18,Bakso,38,2,0
2025-10-18,Rais Boll Ayam Suwir,3,2,0
2025-10-18,Rais Boll Cumi Asin,3,2,0
2025-10-18,Tahu Bacem,5,2,0
2025-10-18,Tempe Bacem,5,2,0
2025-10-18,Nasi Kucing Ayam Suwir,3,2,0
2025-10-18,Nasi Kucing Cumi Asin,3,2,0
2025-10-19,Buntut,14,2,0
2025-10-19,Telur Puyuh,22,2,0
2025-10-19,Tahu,10,2,0
2025-10-19,Ampela,12,2,0
2025-10-19,Usus,7,2,0
2025-10-19,Ceker,23,2,0
2025-10-19,Leher,5,2,0
2025-10-19,Cikua,8,2,0
2025-10-19,Sosis Kecil,11,2,0
2025-10-19,Sosis Besar,23,2,0
2025-10-19,Bakso,37,2,0
2025-10-19,Rais Boll Ayam Suwir,2,2,0
2025-10-19,Rais Boll Cumi Asin,3,2,0
2025-10-19,Tahu Bacem,4,2,0
2025-10-19,Tempe Bacem,5,2,0
2025-10-19,Nasi Kucing Ayam Suwir,3,2,0
2025-10-19,Nasi Kucing Cumi Asin,2,2,0
2025-10-20,Buntut,10,2,0
2025-10-20,Telur Puyuh,15,2,0
2025-10-20,Tahu,10,2,0
2025-10-20,Ampela,10,2,0
2025-10-20,Usus,6,2,0
2025-10-20,Ceker,17,2,0
2025-10-20,Leher,4,2,0
2025-10-20,Cikua,5,2,0
2025-10-20,Sosis Kecil,9,2,0
2025-10-20,Sosis Besar,16,2,0
2025-10-20,Bakso,24,2,0
2025-10-20,Rais Boll Ayam Suwir,2,2,0
2025-10-20,Rais Boll Cumi Asin,2,2,0
2025-10-20,Tahu Bacem,3,2,0
2025-10-20,Tempe Bacem,3,2,0
2025-10-20,Nasi Kucing Ayam Suwir,2,2,0
2025-10-20,Nasi Kucing Cumi Asin,2,2,0
2025-10-21,Buntut,9,2,0
2025-10-21,Telur Puyuh,13,2,0
2025-10-21,Tahu,11,2,0
2025-10-21,Ampela,10,2,0
2025-10-21,Usus,7,2,0
2025-10-21,Ceker,21,2,0
2025-10-21,Leher,4,2,0
2025-10-21,Cikua,5,2,0
2025-10-21,Sosis Kecil,9,2,0
2025-10-21,Sosis Besar,14,2,0
2025-10-21,Bakso,30,2,0
2025-10-21,Rais Boll Ayam Suwir,2,2,0
2025-10-21,Rais Boll Cumi Asin,2,2,0
2025-10-21,Tahu Bacem,3,2,0
2025-10-21,Tempe Bacem,3,2,0
2025-10-21,Nasi Kucing Ayam Suwir,2,2,0
2025-10-21,Nasi Kucing Cumi Asin,1,2,0
2025-10-22,Buntut,10,2,0
2025-10-22,Telur Puyuh,16,2,0
2025-10-22,Tahu,11,2,0
2025-10-22,Ampela,9,2,0
2025-10-22,Usus,6,2,0
2025-10-22,Ceker,20,2,0
2025-10-22,Leher,0,2,0
2025-10-22,Cikua,6,2,0
2025-10-22,Sosis Kecil,11,2,0
2025-10-22,Sosis Besar,16,2,0
2025-10-22,Bakso,31,2,0
2025-10-22,Rais Boll Ayam Suwir,2,2,0
2025-10-22,Rais Boll Cumi Asin,2,2,0
2025-10-22,Tahu Bacem,4,2,0
2025-10-22,Tempe Bacem,3,2,0
2025-10-22,Nasi Kucing Ayam Suwir,2,2,0
2025-10-22,Nasi Kucing Cumi Asin,2,2,0
2025-10-23,Buntut,10,2,0
2025-10-23,Telur Puyuh,14,2,0
2025-10-23,Tahu,9,2,0
2025-10-23,Ampela,10,2,0
2025-10-23,Usus,7,2,0
2025-10-23,Ceker,26,2,0
2025-10-23,Leher,4,2,0
2025-10-23,Cikua,4,2,0
2025-10-23,Sosis Kecil,13,2,0
2025-10-23,Sosis Besar,19,2,0
2025-10-23,Bakso,30,2,0
2025-10-23,Rais Boll Ayam Suwir,2,2,0
2025-10-23,Rais Boll Cumi Asin,2,2,0
2025-10-23,Tahu Bacem,4,2,0
2025-10-23,Tempe Bacem,4,2,0
2025-10-23,Nasi Kucing Ayam Suwir,2,2,0
2025-10-23,Nasi Kucing Cumi Asin,2,2,0
2025-10-24,Buntut,13,2,0
2025-10-24,Telur Puyuh,19,2,0
2025-10-24,Tahu,11,2,0
2025-10-24,Ampela,11,2,0
2025-10-24,Usus,7,2,0
2025-10-24,Ceker,29,2,0
2025-10-24,Leher,5,2,0
2025-10-24,Cikua,6,2,0
2025-10-24,Sosis Kecil,11,2,0
2025-10-24,Sosis Besar,17,2,0
2025-10-24,Bakso,36,2,0
2025-10-24,Rais Boll Ayam Suwir,3,2,0
2025-10-24,Rais Boll Cumi Asin,2,2,0
2025-10-24,Tahu Bacem,4,2,0
2025-10-24,Tempe Bacem,4,2,0
2025-10-24,Nasi Kucing Ayam Suwir,2,2,0
2025-10-24,Nasi Kucing Cumi Asin,2,2,0
2025-10-25,Buntut,14,2,0
2025-10-25,Telur Puyuh,21,2,0
2025-10-25,Tahu,14,2,0
2025-10-25,Ampela,6,2,0
2025-10-25,Usus,10,2,0
2025-10-25,Ceker,32,2,0
2025-10-25,Leher,5,2,0
2025-10-25,Cikua,5,2,0
2025-10-25,Sosis Kecil,13,2,0
2025-10-25,Sosis Besar,25,2,0
2025-10-25,Bakso,43,2,0
2025-10-25,Rais Boll Ayam Suwir,3,2,0
2025-10-25,Rais Boll Cumi Asin,3,2,0
2025-10-25,Tahu Bacem,5,2,0
2025-10-25,Tempe Bacem,4,2,0
2025-10-25,Nasi Kucing Ayam Suwir,3,2,0
2025-10-25,Nasi Kucing Cumi Asin,3,2,0
2025-10-26,Buntut,11,2,0
2025-10-26,Telur Puyuh,21,2,0
2025-10-26,Tahu,10,2,0
2025-10-26,Ampela,11,2,0
2025-10-26,Usus,12,2,0
2025-10-26,Ceker,27,2,0
2025-10-26,Leher,5,2,0
2025-10-26,Cikua,6,2,0
2025-10-26,Sosis Kecil,10,2,0
2025-10-26,Sosis Besar,19,2,0
2025-10-26,Bakso,30,2,0
2025-10-26,Rais Boll Ayam Suwir,3,2,0
2025-10-26,Rais Boll Cumi Asin,3,2,0
2025-10-26,Tahu Bacem,4,2,0
2025-10-26,Tempe Bacem,4,2,0
2025-10-26,Nasi Kucing Ayam Suwir,2,2,0
2025-10-26,Nasi Kucing Cumi Asin,2,2,0
2025-10-27,Buntut,14,1,0
2025-10-27,Telur Puyuh,21,1,0
2025-10-27,Tahu,11,1,0
2025-10-27,Ampela,13,1,0
2025-10-27,Usus,10,1,0
2025-10-27,Ceker,34,1,0
2025-10-27,Leher,3,1,0
2025-10-27,Cikua,8,1,0
2025-10-27,Sosis Kecil,16,1,0
2025-10-27,Sosis Besar,22,1,0
2025-10-27,Bakso,39,1,0
2025-10-27,Rais Boll Ayam Suwir,3,1,0
2025-10-27,Rais Boll Cumi Asin,3,1,0
2025-10-27,Tahu Bacem,5,1,0
2025-10-27,Tempe Bacem,5,1,0
2025-10-27,Nasi Kucing Ayam Suwir,2,1,0
2025-10-27,Nasi Kucing Cumi Asin,2,1,0
2025-10-28,Buntut,15,1,0
2025-10-28,Telur Puyuh,21,1,0
2025-10-28,Tahu,13,1,0
2025-10-28,Ampela,12,1,0
2025-10-28,Usus,11,1,0
2025-10-28,Ceker,34,1,0
2025-10-28,Leher,5,1,0
2025-10-28,Cikua,7,1,0
2025-10-28,Sosis Kecil,16,1,0
2025-10-28,Sosis Besar,25,1,0
2025-10-28,Bakso,42,1,0
2025-10-28,Rais Boll Ayam Suwir,3,1,0
2025-10-28,Rais Boll Cumi Asin,3,1,0
2025-10-28,Tahu Bacem,5,1,0
2025-10-28,Tempe Bacem,5,1,0
2025-10-28,Nasi Kucing Ayam Suwir,3,1,0
2025-10-28,Nasi Kucing Cumi Asin,2,1,0
2025-10-29,Buntut,14,1,0
2025-10-29,Telur Puyuh,21,1,0
2025-10-29,Tahu,13,1,0
2025-10-29,Ampela,13,1,0
2025-10-29,Usus,11,1,0
2025-10-29,Ceker,34,1,0
2025-10-29,Leher,6,1,0
2025-10-29,Cikua,6,1,0
2025-10-29,Sosis Kecil,7,1,0
2025-10-29,Sosis Besar,22,1,0
2025-10-29,Bakso,42,1,0
2025-10-29,Rais Boll Ayam Suwir,3,1,0
2025-10-29,Rais Boll Cumi Asin,3,1,0
2025-10-29,Tahu Bacem,5,1,0
2025-10-29,Tempe Bacem,5,1,0
2025-10-29,Nasi Kucing Ayam Suwir,3,1,0
2025-10-29,Nasi Kucing Cumi Asin,2,1,0
2025-10-30,Buntut,14,1,0
2025-10-30,Telur Puyuh,25,1,0
2025-10-30,Tahu,16,1,0
2025-10-30,Ampela,13,1,0
2025-10-30,Usus,10,1,0
2025-10-30,Ceker,32,1,0
2025-10-30,Leher,5,1,0
2025-10-30,Cikua,8,1,0
2025-10-30,Sosis Kecil,14,1,0
2025-10-30,Sosis Besar,26,1,0
2025-10-30,Bakso,44,1,0
2025-10-30,Rais Boll Ayam Suwir,3,1,0
2025-10-30,Rais Boll Cumi Asin,3,1,0
2025-10-30,Tahu Bacem,7,1,0
2025-10-30,Tempe Bacem,6,1,0
2025-10-30,Nasi Kucing Ayam Suwir,3,1,0
2025-10-30,Nasi Kucing Cumi Asin,3,1,0
2025-10-31,Buntut,13,2,0
2025-10-31,Telur Puyuh,22,2,0
2025-10-31,Tahu,11,2,0
2025-10-31,Ampela,8,2,0
2025-10-31,Usus,12,2,0
2025-10-31,Ceker,29,2,0
2025-10-31,Leher,4,2,0
2025-10-31,Cikua,4,2,0
2025-10-31,Sosis Kecil,12,2,0
2025-10-31,Sosis Besar,23,2,0
2025-10-31,Bakso,34,2,0
2025-10-31,Rais Boll Ayam Suwir,3,2,0
2025-10-31,Rais Boll Cumi Asin,3,2,0
2025-10-31,Tahu Bacem,5,2,0
2025-10-31,Tempe Bacem,3,2,0
2025-10-31,Nasi Kucing Ayam Suwir,2,2,0
2025-10-31,Nasi Kucing Cumi Asin,2,2,0
2025-11-01,Buntut,20,1,0
2025-11-01,Telur Puyuh,32,1,0
2025-11-01,Tahu,19,1,0
2025-11-01,Ampela,16,1,0
2025-11-01,Usus,15,1,0
2025-11-01,Ceker,45,1,0
2025-11-01,Leher,7,1,0
2025-11-01,Cikua,11,1,0
2025-11-01,Sosis Kecil,23,1,0
2025-11-01,Sosis Besar,33,1,0
2025-11-01,Bakso,60,1,0
2025-11-01,Rais Boll Ayam Suwir,5,1,0
2025-11-01,Rais Boll Cumi Asin,4,1,0
2025-11-01,Tahu Bacem,6,1,0
2025-11-01,Tempe Bacem,7,1,0
2025-11-01,Nasi Kucing Ayam Suwir,4,1,0
2025-11-01,Nasi Kucing Cumi Asin,3,1,0
2025-11-02,Buntut,11,2,0
2025-11-02,Telur Puyuh,15,2,0
2025-11-02,Tahu,12,2,0
2025-11-02,Ampela,10,2,0
2025-11-02,Usus,9,2,0
2025-11-02,Ceker,27,2,0
2025-11-02,Leher,4,2,0
2025-11-02,Cikua,6,2,0
2025-11-02,Sosis Kecil,14,2,0
2025-11-02,Sosis Besar,19,2,0
2025-11-02,Bakso,32,2,0
2025-11-02,Rais Boll Ayam Suwir,2,2,0
2025-11-02,Rais Boll Cumi Asin,3,2,0
2025-11-02,Tahu Bacem,5,2,0
2025-11-02,Tempe Bacem,4,2,0
2025-11-02,Nasi Kucing Ayam Suwir,3,2,0
2025-11-02,Nasi Kucing Cumi Asin,2,2,0
2025-11-03,Buntut,10,2,0
2025-11-03,Telur Puyuh,17,2,0
2025-11-03,Tahu,9,2,0
2025-11-03,Ampela,8,2,0
2025-11-03,Usus,5,2,0
2025-11-03,Ceker,21,2,0
2025-11-03,Leher,3,2,0
2025-11-03,Cikua,5,2,0
2025-11-03,Sosis Kecil,10,2,0
2025-11-03,Sosis Besar,14,2,0
2025-11-03,Bakso,26,2,0
2025-11-03,Rais Boll Ayam Suwir,2,2,0
2025-11-03,Rais Boll Cumi Asin,2,2,0
2025-11-03,Tahu Bacem,3,2,0
2025-11-03,Tempe Bacem,3,2,0
2025-11-03,Nasi Kucing Ayam Suwir,2,2,0
2025-11-03,Nasi Kucing Cumi Asin,1,2,0
2025-11-04,Buntut,10,2,0
2025-11-04,Telur Puyuh,13,2,0
2025-11-04,Tahu,11,2,0
2025-11-04,Ampela,9,2,0
2025-11-04,Usus,8,2,0
2025-11-04,Ceker,20,2,0
2025-11-04,Leher,3,2,0
2025-11-04,Cikua,5,2,0
2025-11-04,Sosis Kecil,11,2,0
2025-11-04,Sosis Besar,13,2,0
2025-11-04,Bakso,27,2,0
2025-11-04,Rais Boll Ayam Suwir,2,2,0
2025-11-04,Rais Boll Cumi Asin,2,2,0
2025-11-04,Tahu Bacem,3,2,0
2025-11-04,Tempe Bacem,3,2,0
2025-11-04,Nasi Kucing Ayam Suwir,2,2,0
2025-11-04,Nasi Kucing Cumi Asin,2,2,0
2025-11-05,Buntut,10,2,0
2025-11-05,Telur Puyuh,13,2,0
2025-11-05,Tahu,8,2,0
2025-11-05,Ampela,11,2,0
2025-11-05,Usus,7,2,0
2025-11-05,Ceker,20,2,0
2025-11-05,Leher,5,2,0
2025-11-05,Cikua,0,2,0
2025-11-05,Sosis Kecil,10,2,0
2025-11-05,Sosis Besar,18,2,0
2025-11-05,Bakso,25,2,0
2025-11-05,Rais Boll Ayam Suwir,2,2,0
2025-11-05,Rais Boll Cumi Asin,2,2,0
2025-11-05,Tahu Bacem,3,2,0
2025-11-05,Tempe Bacem,4,2,0
2025-11-05,Nasi Kucing Ayam Suwir,2,2,0
2025-11-05,Nasi Kucing Cumi Asin,2,2,0
2025-11-06,Buntut,12,2,0
2025-11-06,Telur Puyuh,16,2,0
2025-11-06,Tahu,8,2,0
2025-11-06,Ampela,7,2,0
2025-11-06,Usus,7,2,0
2025-11-06,Ceker,20,2,0
2025-11-06,Leher,4,2,0
2025-11-06,Cikua,5,2,0
2025-11-06,Sosis Kecil,12,2,0
2025-11-06,Sosis Besar,19,2,0
2025-11-06,Bakso,24,2,0
2025-11-06,Rais Boll Ayam Suwir,2,2,0
2025-11-06,Rais Boll Cumi Asin,2,2,0
2025-11-06,Tahu Bacem,3,2,0
2025-11-06,Tempe Bacem,4,2,0
2025-11-06,Nasi Kucing Ayam Suwir,2,2,0
2025-11-06,Nasi Kucing Cumi Asin,2,2,0
2025-11-07,Buntut,9,2,0
2025-11-07,Telur Puyuh,20,2,0
2025-11-07,Tahu,12,2,0
2025-11-07,Ampela,8,2,0
2025-11-07,Usus,11,2,0
2025-11-07,Ceker,24,2,0
2025-11-07,Leher,4,2,0
2025-11-07,Cikua,5,2,0
2025-11-07,Sosis Kecil,13,2,0
2025-11-07,Sosis Besar,15,2,0
2025-11-07,Bakso,35,2,0
2025-11-07,Rais Boll Ayam Suwir,3,2,0
2025-11-07,Rais Boll Cumi Asin,2,2,0
2025-11-07,Tahu Bacem,4,2,0
2025-11-07,Tempe Bacem,4,2,0
2025-11-07,Nasi Kucing Ayam Suwir,2,2,0
2025-11-07,Nasi Kucing Cumi Asin,2,2,0
2025-11-08,Buntut,8,2,0
2025-11-08,Telur Puyuh,23,2,0
2025-11-08,Tahu,11,2,0
2025-11-08,Ampela,14,2,0
2025-11-08,Usus,8,2,0
2025-11-08,Ceker,29,2,0
2025-11-08,Leher,4,2,0
2025-11-08,Cikua,8,2,0
2025-11-08,Sosis Kecil,15,2,0
2025-11-08,Sosis Besar,26,2,0
2025-11-08,Bakso,32,2,0
2025-11-08,Rais Boll Ayam Suwir,3,2,0
2025-11-08,Rais Boll Cumi Asin,3,2,0
2025-11-08,Tahu Bacem,4,2,0
2025-11-08,Tempe Bacem,5,2,0
2025-11-08,Nasi Kucing Ayam Suwir,2,2,0
2025-11-08,Nasi Kucing Cumi Asin,2,2,0
2025-11-09,Buntut,13,2,0
2025-11-09,Telur Puyuh,20,2,0
2025-11-09,Tahu,13,2,0
2025-11-09,Ampela,10,2,0
2025-11-09,Usus,9,2,0
2025-11-09,Ceker,23,2,0
2025-11-09,Leher,4,2,0
2025-11-09,Cikua,9,2,0
2025-11-09,Sosis Kecil,14,2,0
2025-11-09,Sosis Besar,19,2,0
2025-11-09,Bakso,31,2,0
2025-11-09,Rais Boll Ayam Suwir,3,2,0
2025-11-09,Rais Boll Cumi Asin,3,2,0
2025-11-09,Tahu Bacem,4,2,0
2025-11-09,Tempe Bacem,4,2,0
2025-11-09,Nasi Kucing Ayam Suwir,2,2,0
2025-11-09,Nasi Kucing Cumi Asin,2,2,0
2025-11-10,Buntut,9,2,0
2025-11-10,Telur Puyuh,13,2,0
2025-11-10,Tahu,9,2,0
2025-11-10,Ampela,8,2,0
2025-11-10,Usus,7,2,0
2025-11-10,Ceker,19,2,0
2025-11-10,Leher,3,2,0
2025-11-10,Cikua,5,2,0
2025-11-10,Sosis Kecil,8,2,0
2025-11-10,Sosis Besar,14,2,0
2025-11-10,Bakso,22,2,0
2025-11-10,Rais Boll Ayam Suwir,2,2,0
2025-11-10,Rais Boll Cumi Asin,2,2,0
2025-11-10,Tahu Bacem,3,2,0
2025-11-10,Tempe Bacem,3,2,0
2025-11-10,Nasi Kucing Ayam Suwir,2,2,0
2025-11-10,Nasi Kucing Cumi Asin,2,2,0
2025-11-11,Buntut,10,2,0
2025-11-11,Telur Puyuh,17,2,0
2025-11-11,Tahu,9,2,0
2025-11-11,Ampela,9,2,0
2025-11-11,Usus,5,2,0
2025-11-11,Ceker,21,2,0
2025-11-11,Leher,4,2,0
2025-11-11,Cikua,5,2,0
2025-11-11,Sosis Kecil,10,2,0
2025-11-11,Sosis Besar,17,2,0
2025-11-11,Bakso,24,2,0
2025-11-11,Rais Boll Ayam Suwir,2,2,0
2025-11-11,Rais Boll Cumi Asin,2,2,0
2025-11-11,Tahu Bacem,2,2,0
2025-11-11,Tempe Bacem,3,2,0
2025-11-11,Nasi Kucing Ayam Suwir,2,2,0
2025-11-11,Nasi Kucing Cumi Asin,2,2,0
2025-11-12,Buntut,11,2,0
2025-11-12,Telur Puyuh,14,2,0
2025-11-12,Tahu,8,2,0
2025-11-12,Ampela,10,2,0
2025-11-12,Usus,5,2,0
2025-11-12,Ceker,20,2,0
2025-11-12,Leher,1,2,0
2025-11-12,Cikua,6,2,0
2025-11-12,Sosis Kecil,11,2,0
2025-11-12,Sosis Besar,14,2,0
2025-11-12,Bakso,33,2,0
2025-11-12,Rais Boll Ayam Suwir,2,2,0
2025-11-12,Rais Boll Cumi Asin,2,2,0
2025-11-12,Tahu Bacem,3,2,0
2025-11-12,Tempe Bacem,4,2,0
2025-11-12,Nasi Kucing Ayam Suwir,2,2,0
2025-11-12,Nasi Kucing Cumi Asin,2,2,0
2025-11-13,Buntut,17,1,0
2025-11-13,Telur Puyuh,21,1,0
2025-11-13,Tahu,15,1,0
2025-11-13,Ampela,14,1,0
2025-11-13,Usus,10,1,0
2025-11-13,Ceker,31,1,0
2025-11-13,Leher,5,1,0
2025-11-13,Cikua,7,1,0
2025-11-13,Sosis Kecil,17,1,0
2025-11-13,Sosis Besar,22,1,0
2025-11-13,Bakso,42,1,0
2025-11-13,Rais Boll Ayam Suwir,3,1,0
2025-11-13,Rais Boll Cumi Asin,3,1,0
2025-11-13,Tahu Bacem,5,1,0
2025-11-13,Tempe Bacem,5,1,0
2025-11-13,Nasi Kucing Ayam Suwir,3,1,0
2025-11-13,Nasi Kucing Cumi Asin,3,1,0
2025-11-14,Buntut,18,1,0
2025-11-14,Telur Puyuh,31,1,0
2025-11-14,Tahu,17,1,0
2025-11-14,Ampela,14,1,0
2025-11-14,Usus,12,1,0
2025-11-14,Ceker,36,1,0
2025-11-14,Leher,7,1,0
2025-11-14,Cikua,9,1,0
2025-11-14,Sosis Kecil,18,1,0
2025-11-14,Sosis Besar,28,1,0
2025-11-14,Bakso,47,1,0
2025-11-14,Rais Boll Ayam Suwir,4,1,0
2025-11-14,Rais Boll Cumi Asin,3,1,0
2025-11-14,Tahu Bacem,6,1,0
2025-11-14,Tempe Bacem,6,1,0
2025-11-14,Nasi Kucing Ayam Suwir,3,1,0
2025-11-14,Nasi Kucing Cumi Asin,3,1,0
2025-11-15,Buntut,13,2,0
2025-11-15,Telur Puyuh,17,2,0
2025-11-15,Tahu,15,2,0
2025-11-15,Ampela,11,2,0
2025-11-15,Usus,9,2,0
2025-11-15,Ceker,29,2,0
2025-11-15,Leher,1,2,0
2025-11-15,Cikua,6,2,0
2025-11-15,Sosis Kecil,14,2,0
2025-11-15,Sosis Besar,24,2,0
2025-11-15,Bakso,41,2,0
2025-11-15,Rais Boll Ayam Suwir,3,2,0
2025-11-15,Rais Boll Cumi Asin,2,2,0
2025-11-15,Tahu Bacem,5,2,0
2025-11-15,Tempe Bacem,5,2,0
2025-11-15,Nasi Kucing Ayam Suwir,2,2,0
2025-11-15,Nasi Kucing Cumi Asin,2,2,0
2025-11-16,Buntut,14,2,0
2025-11-16,Telur Puyuh,24,2,0
2025-11-16,Tahu,13,2,0
2025-11-16,Ampela,11,2,0
2025-11-16,Usus,9,2,0
2025-11-16,Ceker,25,2,0
2025-11-16,Leher,4,2,0
2025-11-16,Cikua,6,2,0
2025-11-16,Sosis Kecil,10,2,0
2025-11-16,Sosis Besar,17,2,0
2025-11-16,Bakso,30,2,0
2025-11-16,Rais Boll Ayam Suwir,3,2,0
2025-11-16,Rais Boll Cumi Asin,2,2,0
2025-11-16,Tahu Bacem,5,2,0
2025-11-16,Tempe Bacem,4,2,0
2025-11-16,Nasi Kucing Ayam Suwir,2,2,0
2025-11-16,Nasi Kucing Cumi Asin,2,2,0
2025-11-17,Buntut,8,2,0
2025-11-17,Telur Puyuh,16,2,0
2025-11-17,Tahu,6,2,0
2025-11-17,Ampela,7,2,0
2025-11-17,Usus,9,2,0
2025-11-17,Ceker,16,2,0
2025-11-17,Leher,3,2,0
2025-11-17,Cikua,4,2,0
2025-11-17,Sosis Kecil,8,2,0
2025-11-17,Sosis Besar,13,2,0
2025-11-17,Bakso,26,2,0
2025-11-17,Rais Boll Ayam Suwir,2,2,0
2025-11-17,Rais Boll Cumi Asin,2,2,0
2025-11-17,Tahu Bacem,3,2,0
2025-11-17,Tempe Bacem,3,2,0
2025-11-17,Nasi Kucing Ayam Suwir,2,2,0
2025-11-17,Nasi Kucing Cumi Asin,1,2,0
2025-11-18,Buntut,7,2,0
2025-11-18,Telur Puyuh,14,2,0
2025-11-18,Tahu,7,2,0
2025-11-18,Ampela,8,2,0
2025-11-18,Usus,7,2,0
2025-11-18,Ceker,19,2,0
2025-11-18,Leher,0,2,0
2025-11-18,Cikua,5,2,0
2025-11-18,Sosis Kecil,7,2,0
2025-11-18,Sosis Besar,14,2,0
2025-11-18,Bakso,25,2,0
2025-11-18,Rais Boll Ayam Suwir,2,2,0
2025-11-18,Rais Boll Cumi Asin,2,2,0
2025-11-18,Tahu Bacem,3,2,0
2025-11-18,Tempe Bacem,2,2,0
2025-11-18,Nasi Kucing Ayam Suwir,2,2,0
2025-11-18,Nasi Kucing Cumi Asin,2,2,0
2025-11-19,Buntut,10,2,0
2025-11-19,Telur Puyuh,13,2,0
2025-11-19,Tahu,11,2,0
2025-11-19,Ampela,10,2,0
2025-11-19,Usus,7,2,0
2025-11-19,Ceker,21,2,0
2025-11-19,Leher,5,2,0
2025-11-19,Cikua,5,2,0
2025-11-19,Sosis Kecil,12,2,0
2025-11-19,Sosis Besar,13,2,0
2025-11-19,Bakso,24,2,0
2025-11-19,Rais Boll Ayam Suwir,2,2,0
2025-11-19,Rais Boll Cumi Asin,2,2,0
2025-11-19,Tahu Bacem,3,2,0
2025-11-19,Tempe Bacem,3,2,0
2025-11-19,Nasi Kucing Ayam Suwir,2,2,0
2025-11-19,Nasi Kucing Cumi Asin,2,2,0
2025-11-20,Buntut,11,2,0
2025-11-20,Telur Puyuh,16,2,0
2025-11-20,Tahu,9,2,0
2025-11-20,Ampela,9,2,0
2025-11-20,Usus,8,2,0
2025-11-20,Ceker,23,2,0
2025-11-20,Leher,3,2,0
2025-11-20,Cikua,4,2,0
2025-11-20,Sosis Kecil,13,2,0
2025-11-20,Sosis Besar,10,2,0
2025-11-20,Bakso,28,2,0
2025-11-20,Rais Boll Ayam Suwir,2,2,0
2025-11-20,Rais Boll Cumi Asin,2,2,0
2025-11-20,Tahu Bacem,4,2,0
2025-11-20,Tempe Bacem,3,2,0
2025-11-20,Nasi Kucing Ayam Suwir,2,2,0
2025-11-20,Nasi Kucing Cumi Asin,2,2,0
2025-11-21,Buntut,12,2,0
2025-11-21,Telur Puyuh,9,2,0
2025-11-21,Tahu,9,2,0
2025-11-21,Ampela,11,2,0
2025-11-21,Usus,7,2,0
2025-11-21,Ceker,31,2,0
2025-11-21,Leher,3,2,0
2025-11-21,Cikua,4,2,0
2025-11-21,Sosis Kecil,12,2,0
2025-11-21,Sosis Besar,16,2,0
2025-11-21,Bakso,34,2,0
2025-11-21,Rais Boll Ayam Suwir,3,2,0
2025-11-21,Rais Boll Cumi Asin,2,2,0
2025-11-21,Tahu Bacem,4,2,0
2025-11-21,Tempe Bacem,4,2,0
2025-11-21,Nasi Kucing Ayam Suwir,2,2,0
2025-11-21,Nasi Kucing Cumi Asin,2,2,0
2025-11-22,Buntut,13,2,0
2025-11-22,Telur Puyuh,24,2,0
2025-11-22,Tahu,11,2,0
2025-11-22,Ampela,12,2,0
2025-11-22,Usus,10,2,0
2025-11-22,Ceker,27,2,0
2025-11-22,Leher,4,2,0
2025-11-22,Cikua,6,2,0
2025-11-22,Sosis Kecil,15,2,0
2025-11-22,Sosis Besar,24,2,0
2025-11-22,Bakso,40,2,0
2025-11-22,Rais Boll Ayam Suwir,3,2,0
2025-11-22,Rais Boll Cumi Asin,2,2,0
2025-11-22,Tahu Bacem,4,2,0
2025-11-22,Tempe Bacem,4,2,0
2025-11-22,Nasi Kucing Ayam Suwir,3,2,0
2025-11-22,Nasi Kucing Cumi Asin,2,2,0
2025-11-23,Buntut,14,2,0
2025-11-23,Telur Puyuh,17,2,0
2025-11-23,Tahu,12,2,0
2025-11-23,Ampela,12,2,0
2025-11-23,Usus,8,2,0
2025-11-23,Ceker,29,2,0
2025-11-23,Leher,4,2,0
2025-11-23,Cikua,6,2,0
2025-11-23,Sosis Kecil,11,2,0
2025-11-23,Sosis Besar,22,2,0
2025-11-23,Bakso,33,2,0
2025-11-23,Rais Boll Ayam Suwir,2,2,0
2025-11-23,Rais Boll Cumi Asin,3,2,0
2025-11-23,Tahu Bacem,4,2,0
2025-11-23,Tempe Bacem,4,2,0
2025-11-23,Nasi Kucing Ayam Suwir,2,2,0
2025-11-23,Nasi Kucing Cumi Asin,2,2,0
2025-11-24,Buntut,9,2,0
2025-11-24,Telur Puyuh,14,2,0
2025-11-24,Tahu,9,2,0
2025-11-24,Ampela,6,2,0
2025-11-24,Usus,6,2,0
2025-11-24,Ceker,17,2,0
2025-11-24,Leher,2,2,0
2025-11-24,Cikua,5,2,0
2025-11-24,Sosis Kecil,9,2,0
2025-11-24,Sosis Besar,16,2,0
2025-11-24,Bakso,22,2,0
2025-11-24,Rais Boll Ayam Suwir,2,2,0
2025-11-24,Rais Boll Cumi Asin,2,2,0
2025-11-24,Tahu Bacem,3,2,0
2025-11-24,Tempe Bacem,3,2,0
2025-11-24,Nasi Kucing Ayam Suwir,2,2,0
2025-11-24,Nasi Kucing Cumi Asin,2,2,0
2025-11-25,Buntut,12,2,0
2025-11-25,Telur Puyuh,15,2,0
2025-11-25,Tahu,9,2,0
2025-11-25,Ampela,9,2,0
2025-11-25,Usus,8,2,0
2025-11-25,Ceker,18,2,0
2025-11-25,Leher,3,2,0
2025-11-25,Cikua,5,2,0
2025-11-25,Sosis Kecil,10,2,0
2025-11-25,Sosis Besar,15,2,0
2025-11-25,Bakso,27,2,0
2025-11-25,Rais Boll Ayam Suwir,2,2,0
2025-11-25,Rais Boll Cumi Asin,2,2,0
2025-11-25,Tahu Bacem,4,2,0
2025-11-25,Tempe Bacem,3,2,0
2025-11-25,Nasi Kucing Ayam Suwir,2,2,0
2025-11-25,Nasi Kucing Cumi Asin,2,2,0
2025-11-26,Buntut,6,2,0
2025-11-26,Telur Puyuh,18,2,0
2025-11-26,Tahu,10,2,0
2025-11-26,Ampela,8,2,0
2025-11-26,Usus,7,2,0
2025-11-26,Ceker,22,2,0
2025-11-26,Leher,3,2,0
2025-11-26,Cikua,4,2,0
2025-11-26,Sosis Kecil,10,2,0
2025-11-26,Sosis Besar,12,2,0
2025-11-26,Bakso,27,2,0
2025-11-26,Rais Boll Ayam Suwir,2,2,0
2025-11-26,Rais Boll Cumi Asin,2,2,0
2025-11-26,Tahu Bacem,3,2,0
2025-11-26,Tempe Bacem,4,2,0
2025-11-26,Nasi Kucing Ayam Suwir,2,2,0
2025-11-26,Nasi Kucing Cumi Asin,2,2,0
2025-11-27,Buntut,9,2,0
2025-11-27,Telur Puyuh,13,2,0
2025-11-27,Tahu,8,2,0
2025-11-27,Ampela,9,2,0
2025-11-27,Usus,9,2,0
2025-11-27,Ceker,24,2,0
2025-11-27,Leher,4,2,0
2025-11-27,Cikua,5,2,0
2025-11-27,Sosis Kecil,12,2,0
2025-11-27,Sosis Besar,16,2,0
2025-11-27,Bakso,31,2,0
2025-11-27,Rais Boll Ayam Suwir,2,2,0
2025-11-27,Rais Boll Cumi Asin,2,2,0
2025-11-27,Tahu Bacem,4,2,0
2025-11-27,Tempe Bacem,3,2,0
2025-11-27,Nasi Kucing Ayam Suwir,2,2,0
2025-11-27,Nasi Kucing Cumi Asin,2,2,0
2025-11-28,Buntut,13,2,0
2025-11-28,Telur Puyuh,17,2,0
2025-11-28,Tahu,11,2,0
2025-11-28,Ampela,7,2,0
2025-11-28,Usus,7,2,0
2025-11-28,Ceker,21,2,0
2025-11-28,Leher,4,2,0
2025-11-28,Cikua,7,2,0
2025-11-28,Sosis Kecil,13,2,0
2025-11-28,Sosis Besar,19,2,0
2025-11-28,Bakso,34,2,0
2025-11-28,Rais Boll Ayam Suwir,2,2,0
2025-11-28,Rais Boll Cumi Asin,2,2,0
2025-11-28,Tahu Bacem,4,2,0
2025-11-28,Tempe Bacem,4,2,0
2025-11-28,Nasi Kucing Ayam Suwir,2,2,0
2025-11-28,Nasi Kucing Cumi Asin,2,2,0
2025-11-29,Buntut,13,2,0
2025-11-29,Telur Puyuh,19,2,0
2025-11-29,Tahu,13,2,0
2025-11-29,Ampela,11,2,0
2025-11-29,Usus,7,2,0
2025-11-29,Ceker,27,2,0
2025-11-29,Leher,4,2,0
2025-11-29,Cikua,8,2,0
2025-11-29,Sosis Kecil,13,2,0
2025-11-29,Sosis Besar,25,2,0
2025-11-29,Bakso,38,2,0
2025-11-29,Rais Boll Ayam Suwir,3,2,0
2025-11-29,Rais Boll Cumi Asin,3,2,0
2025-11-29,Tahu Bacem,5,2,0
2025-11-29,Tempe Bacem,5,2,0
2025-11-29,Nasi Kucing Ayam Suwir,2,2,0
2025-11-29,Nasi Kucing Cumi Asin,2,2,0
2025-11-30,Buntut,14,2,0
2025-11-30,Telur Puyuh,20,2,0
2025-11-30,Tahu,11,2,0
2025-11-30,Ampela,13,2,0
2025-11-30,Usus,10,2,0
2025-11-30,Ceker,23,2,0
2025-11-30,Leher,2,2,0
2025-11-30,Cikua,5,2,0
2025-11-30,Sosis Kecil,14,2,0
2025-11-30,Sosis Besar,23,2,0
2025-11-30,Bakso,32,2,0
2025-11-30,Rais Boll Ayam Suwir,3,2,0
2025-11-30,Rais Boll Cumi Asin,2,2,0
2025-11-30,Tahu Bacem,4,2,0
2025-11-30,Tempe Bacem,3,2,0
2025-11-30,Nasi Kucing Ayam Suwir,2,2,0
2025-11-30,Nasi Kucing Cumi Asin,2,2,0
2025-12-01,Buntut,8,2,0
2025-12-01,Telur Puyuh,17,2,0
2025-12-01,Tahu,10,2,0
2025-12-01,Ampela,9,2,0
2025-12-01,Usus,6,2,0
2025-12-01,Ceker,25,2,0
2025-12-01,Leher,5,2,0
2025-12-01,Cikua,7,2,0
2025-12-01,Sosis Kecil,11,2,0
2025-12-01,Sosis Besar,20,2,0
2025-12-01,Bakso,28,2,0
2025-12-01,Rais Boll Ayam Suwir,2,2,0
2025-12-01,Rais Boll Cumi Asin,2,2,0
2025-12-01,Tahu Bacem,3,2,0
2025-12-01,Tempe Bacem,4,2,0
2025-12-01,Nasi Kucing Ayam Suwir,2,2,0
2025-12-01,Nasi Kucing Cumi Asin,2,2,0
2025-12-02,Buntut,12,2,0
2025-12-02,Telur Puyuh,21,2,0
2025-12-02,Tahu,12,2,0
2025-12-02,Ampela,12,2,0
2025-12-02,Usus,6,2,0
2025-12-02,Ceker,23,2,0
2025-12-02,Leher,5,2,0
2025-12-02,Cikua,5,2,0
2025-12-02,Sosis Kecil,11,2,0
2025-12-02,Sosis Besar,23,2,0
2025-12-02,Bakso,31,2,0
2025-12-02,Rais Boll Ayam Suwir,3,2,0
2025-12-02,Rais Boll Cumi Asin,2,2,0
2025-12-02,Tahu Bacem,4,2,0
2025-12-02,Tempe Bacem,4,2,0
2025-12-02,Nasi Kucing Ayam Suwir,2,2,0
2025-12-02,Nasi Kucing Cumi Asin,2,2,0
2025-12-03,Buntut,11,2,0
2025-12-03,Telur Puyuh,17,2,0
2025-12-03,Tahu,11,2,0
2025-12-03,Ampela,10,2,0
2025-12-03,Usus,5,2,0
2025-12-03,Ceker,28,2,0
2025-12-03,Leher,4,2,0
2025-12-03,Cikua,3,2,0
2025-12-03,Sosis Kecil,14,2,0
2025-12-03,Sosis Besar,21,2,0
2025-12-03,Bakso,30,2,0
2025-12-03,Rais Boll Ayam Suwir,3,2,0
2025-12-03,Rais Boll Cumi Asin,2,2,0
2025-12-03,Tahu Bacem,4,2,0
2025-12-03,Tempe Bacem,4,2,0
2025-12-03,Nasi Kucing Ayam Suwir,2,2,0
2025-12-03,Nasi Kucing Cumi Asin,2,2,0
2025-12-04,Buntut,14,2,0
2025-12-04,Telur Puyuh,19,2,0
2025-12-04,Tahu,13,2,0
2025-12-04,Ampela,11,2,0
2025-12-04,Usus,9,2,0
2025-12-04,Ceker,27,2,0
2025-12-04,Leher,4,2,0
2025-12-04,Cikua,8,2,0
2025-12-04,Sosis Kecil,14,2,0
2025-12-04,Sosis Besar,24,2,0
2025-12-04,Bakso,40,2,0
2025-12-04,Rais Boll Ayam Suwir,3,2,0
2025-12-04,Rais Boll Cumi Asin,3,2,0
2025-12-04,Tahu Bacem,4,2,0
2025-12-04,Tempe Bacem,4,2,0
2025-12-04,Nasi Kucing Ayam Suwir,3,2,0
2025-12-04,Nasi Kucing Cumi Asin,2,2,0
2025-12-05,Buntut,16,2,0
2025-12-05,Telur Puyuh,22,2,0
2025-12-05,Tahu,15,2,0
2025-12-05,Ampela,11,2,0
2025-12-05,Usus,11,2,0
2025-12-05,Ceker,30,2,0
2025-12-05,Leher,5,2,0
2025-12-05,Cikua,7,2,0
2025-12-05,Sosis Kecil,15,2,0
2025-12-05,Sosis Besar,23,2,0
2025-12-05,Bakso,38,2,0
2025-12-05,Rais Boll Ayam Suwir,3,2,0
2025-12-05,Rais Boll Cumi Asin,3,2,0
2025-12-05,Tahu Bacem,5,2,0
2025-12-05,Tempe Bacem,5,2,0
2025-12-05,Nasi Kucing Ayam Suwir,3,2,0
2025-12-05,Nasi Kucing Cumi Asin,2,2,0
2025-12-06,Buntut,19,2,0
2025-12-06,Telur Puyuh,23,2,0
2025-12-06,Tahu,14,2,0
2025-12-06,Ampela,15,2,0
2025-12-06,Usus,13,2,0
2025-12-06,Ceker,40,2,0
2025-12-06,Leher,6,2,0
2025-12-06,Cikua,7,2,0
2025-12-06,Sosis Kecil,17,2,0
2025-12-06,Sosis Besar,28,2,0
2025-12-06,Bakso,51,2,0
2025-12-06,Rais Boll Ayam Suwir,4,2,0
2025-12-06,Rais Boll Cumi Asin,3,2,0
2025-12-06,Tahu Bacem,6,2,0
2025-12-06,Tempe Bacem,6,2,0
2025-12-06,Nasi Kucing Ayam Suwir,3,2,0
2025-12-06,Nasi Kucing Cumi Asin,3,2,0
2025-12-07,Buntut,15,2,0
2025-12-07,Telur Puyuh,26,2,0
2025-12-07,Tahu,15,2,0
2025-12-07,Ampela,12,2,0
2025-12-07,Usus,10,2,0
2025-12-07,Ceker,35,2,0
2025-12-07,Leher,5,2,0
2025-12-07,Cikua,9,2,0
2025-12-07,Sosis Kecil,17,2,0
2025-12-07,Sosis Besar,28,2,0
2025-12-07,Bakso,48,2,0
2025-12-07,Rais Boll Ayam Suwir,4,2,0
2025-12-07,Rais Boll Cumi Asin,3,2,0
2025-12-07,Tahu Bacem,5,2,0
2025-12-07,Tempe Bacem,6,2,0
2025-12-07,Nasi Kucing Ayam Suwir,3,2,0
2025-12-07,Nasi Kucing Cumi Asin,3,2,0
2025-12-08,Buntut,12,2,0
2025-12-08,Telur Puyuh,18,2,0
2025-12-08,Tahu,10,2,0
2025-12-08,Ampela,9,2,0
2025-12-08,Usus,7,2,0
2025-12-08,Ceker,26,2,0
2025-12-08,Leher,0,2,0
2025-12-08,Cikua,6,2,0
2025-12-08,Sosis Kecil,10,2,0
2025-12-08,Sosis Besar,18,2,0
2025-12-08,Bakso,31,2,0
2025-12-08,Rais Boll Ayam Suwir,2,2,0
2025-12-08,Rais Boll Cumi Asin,2,2,0
2025-12-08,Tahu Bacem,4,2,0
2025-12-08,Tempe Bacem,4,2,0
2025-12-08,Nasi Kucing Ayam Suwir,2,2,0
2025-12-08,Nasi Kucing Cumi Asin,2,2,0
2025-12-09,Buntut,13,2,0
2025-12-09,Telur Puyuh,22,2,0
2025-12-09,Tahu,13,2,0
2025-12-09,Ampela,12,2,0
2025-12-09,Usus,8,2,0
2025-12-09,Ceker,23,2,0
2025-12-09,Leher,0,2,0
2025-12-09,Cikua,0,2,0
2025-12-09,Sosis Kecil,13,2,0
2025-12-09,Sosis Besar,22,2,0
2025-12-09,Bakso,27,2,0
2025-12-09,Rais Boll Ayam Suwir,3,2,0
2025-12-09,Rais Boll Cumi Asin,2,2,0
2025-12-09,Tahu Bacem,4,2,0
2025-12-09,Tempe Bacem,4,2,0
2025-12-09,Nasi Kucing Ayam Suwir,3,2,0
2025-12-09,Nasi Kucing Cumi Asin,2,2,0
2025-12-10,Buntut,12,2,0
2025-12-10,Telur Puyuh,22,2,0
2025-12-10,Tahu,10,2,0
2025-12-10,Ampela,9,2,0
2025-12-10,Usus,7,2,0
2025-12-10,Ceker,25,2,0
2025-12-10,Leher,4,2,0
2025-12-10,Cikua,8,2,0
2025-12-10,Sosis Kecil,12,2,0
2025-12-10,Sosis Besar,22,2,0
2025-12-10,Bakso,34,2,0
2025-12-10,Rais Boll Ayam Suwir,2,2,0
2025-12-10,Rais Boll Cumi Asin,2,2,0
2025-12-10,Tahu Bacem,5,2,0
2025-12-10,Tempe Bacem,5,2,0
2025-12-10,Nasi Kucing Ayam Suwir,2,2,0
2025-12-10,Nasi Kucing Cumi Asin,2,2,0
2025-12-11,Buntut,13,2,0
2025-12-11,Telur Puyuh,22,2,0
2025-12-11,Tahu,11,2,0
2025-12-11,Ampela,12,2,0
2025-12-11,Usus,9,2,0
2025-12-11,Ceker,26,2,0
2025-12-11,Leher,0,2,0
2025-12-11,Cikua,7,2,0
2025-12-11,Sosis Kecil,12,2,0
2025-12-11,Sosis Besar,24,2,0
2025-12-11,Bakso,39,2,0
2025-12-11,Rais Boll Ayam Suwir,3,2,0
2025-12-11,Rais Boll Cumi Asin,3,2,0
2025-12-11,Tahu Bacem,4,2,0
2025-12-11,Tempe Bacem,4,2,0
2025-12-11,Nasi Kucing Ayam Suwir,2,2,0
2025-12-11,Nasi Kucing Cumi Asin,2,2,0
2025-12-12,Buntut,0,2,0
2025-12-12,Telur Puyuh,0,2,0
2025-12-12,Tahu,0,2,0
2025-12-12,Ampela,0,2,0
2025-12-12,Usus,0,2,0
2025-12-12,Ceker,0,2,0
2025-12-12,Leher,0,2,0
2025-12-12,Cikua,0,2,0
2025-12-12,Sosis Kecil,0,2,0
2025-12-12,Sosis Besar,0,2,0
2025-12-12,Bakso,0,2,0
2025-12-12,Rais Boll Ayam Suwir,0,2,0
2025-12-12,Rais Boll Cumi Asin,0,2,0
2025-12-12,Tahu Bacem,0,2,0
2025-12-12,Tempe Bacem,0,2,0
2025-12-12,Nasi Kucing Ayam Suwir,0,2,0
2025-12-12,Nasi Kucing Cumi Asin,0,2,0
2025-12-13,Buntut,19,2,0
2025-12-13,Telur Puyuh,25,2,0
2025-12-13,Tahu,16,2,0
2025-12-13,Ampela,14,2,0
2025-12-13,Usus,12,2,0
2025-12-13,Ceker,36,2,0
2025-12-13,Leher,6,2,0
2025-12-13,Cikua,8,2,0
2025-12-13,Sosis Kecil,17,2,0
2025-12-13,Sosis Besar,23,2,0
2025-12-13,Bakso,45,2,0
2025-12-13,Rais Boll Ayam Suwir,4,2,0
2025-12-13,Rais Boll Cumi Asin,3,2,0
2025-12-13,Tahu Bacem,6,2,0
2025-12-13,Tempe Bacem,5,2,0
2025-12-13,Nasi Kucing Ayam Suwir,3,2,0
2025-12-13,Nasi Kucing Cumi Asin,3,2,0
2025-12-14,Buntut,16,2,0
2025-12-14,Telur Puyuh,22,2,0
2025-12-14,Tahu,12,2,0
2025-12-14,Ampela,12,2,0
2025-12-14,Usus,13,2,0
2025-12-14,Ceker,32,2,0
2025-12-14,Leher,5,2,0
2025-12-14,Cikua,7,2,0
2025-12-14,Sosis Kecil,13,2,0
2025-12-14,Sosis Besar,31,2,0
2025-12-14,Bakso,48,2,0
2025-12-14,Rais Boll Ayam Suwir,3,2,0
2025-12-14,Rais Boll Cumi Asin,3,2,0
2025-12-14,Tahu Bacem,6,2,0
2025-12-14,Tempe Bacem,5,2,0
2025-12-14,Nasi Kucing Ayam Suwir,3,2,0
2025-12-14,Nasi Kucing Cumi Asin,3,2,0
2025-12-15,Buntut,12,2,0
2025-12-15,Telur Puyuh,17,2,0
2025-12-15,Tahu,10,2,0
2025-12-15,Ampela,7,2,0
2025-12-15,Usus,12,2,0
2025-12-15,Ceker,26,2,0
2025-12-15,Leher,4,2,0
2025-12-15,Cikua,4,2,0
2025-12-15,Sosis Kecil,12,2,0
2025-12-15,Sosis Besar,21,2,0
2025-12-15,Bakso,32,2,0
2025-12-15,Rais Boll Ayam Suwir,2,2,0
2025-12-15,Rais Boll Cumi Asin,2,2,0
2025-12-15,Tahu Bacem,4,2,0
2025-12-15,Tempe Bacem,4,2,0
2025-12-15,Nasi Kucing Ayam Suwir,2,2,0
2025-12-15,Nasi Kucing Cumi Asin,2,2,0
2025-12-16,Buntut,12,2,0
2025-12-16,Telur Puyuh,21,2,0
2025-12-16,Tahu,12,2,0
2025-12-16,Ampela,9,2,0
2025-12-16,Usus,8,2,0
2025-12-16,Ceker,27,2,0
2025-12-16,Leher,4,2,0
2025-12-16,Cikua,1,2,0
2025-12-16,Sosis Kecil,13,2,0
2025-12-16,Sosis Besar,20,2,0
2025-12-16,Bakso,34,2,0
2025-12-16,Rais Boll Ayam Suwir,2,2,0
2025-12-16,Rais Boll Cumi Asin,2,2,0
2025-12-16,Tahu Bacem,5,2,0
2025-12-16,Tempe Bacem,4,2,0
2025-12-16,Nasi Kucing Ayam Suwir,2,2,0
2025-12-16,Nasi Kucing Cumi Asin,2,2,0
2025-12-17,Buntut,9,2,0
2025-12-17,Telur Puyuh,20,2,0
2025-12-17,Tahu,12,2,0
2025-12-17,Ampela,10,2,0
2025-12-17,Usus,9,2,0
2025-12-17,Ceker,27,2,0
2025-12-17,Leher,3,2,0
2025-12-17,Cikua,6,2,0
2025-12-17,Sosis Kecil,12,2,0
2025-12-17,Sosis Besar,19,2,0
2025-12-17,Bakso,35,2,0
2025-12-17,Rais Boll Ayam Suwir,3,2,0
2025-12-17,Rais Boll Cumi Asin,3,2,0
2025-12-17,Tahu Bacem,4,2,0
2025-12-17,Tempe Bacem,4,2,0
2025-12-17,Nasi Kucing Ayam Suwir,2,2,0
2025-12-17,Nasi Kucing Cumi Asin,2,2,0
2025-12-18,Buntut,13,2,0
2025-12-18,Telur Puyuh,24,2,0
2025-12-18,Tahu,11,2,0
2025-12-18,Ampela,11,2,0
2025-12-18,Usus,10,2,0
2025-12-18,Ceker,24,2,0
2025-12-18,Leher,4,2,0
2025-12-18,Cikua,8,2,0
2025-12-18,Sosis Kecil,14,2,0
2025-12-18,Sosis Besar,26,2,0
2025-12-18,Bakso,34,2,0
2025-12-18,Rais Boll Ayam Suwir,3,2,0
2025-12-18,Rais Boll Cumi Asin,3,2,0
2025-12-18,Tahu Bacem,5,2,0
2025-12-18,Tempe Bacem,5,2,0
2025-12-18,Nasi Kucing Ayam Suwir,2,2,0
2025-12-18,Nasi Kucing Cumi Asin,2,2,0
2025-12-19,Buntut,16,2,0
2025-12-19,Telur Puyuh,25,2,0
2025-12-19,Tahu,13,2,0
2025-12-19,Ampela,11,2,0
2025-12-19,Usus,12,2,0
2025-12-19,Ceker,32,2,0
2025-12-19,Leher,5,2,0
2025-12-19,Cikua,9,2,0
2025-12-19,Sosis Kecil,15,2,0
2025-12-19,Sosis Besar,28,2,0
2025-12-19,Bakso,48,2,0
2025-12-19,Rais Boll Ayam Suwir,3,2,0
2025-12-19,Rais Boll Cumi Asin,3,2,0
2025-12-19,Tahu Bacem,5,2,0
2025-12-19,Tempe Bacem,5,2,0
2025-12-19,Nasi Kucing Ayam Suwir,3,2,0
2025-12-19,Nasi Kucing Cumi Asin,2,2,0
2025-12-20,Buntut,21,2,0
2025-12-20,Telur Puyuh,28,2,0
2025-12-20,Tahu,21,2,0
2025-12-20,Ampela,18,2,0
2025-12-20,Usus,13,2,0
2025-12-20,Ceker,41,2,0
2025-12-20,Leher,7,2,0
2025-12-20,Cikua,12,2,0
2025-12-20,Sosis Kecil,24,2,0
2025-12-20,Sosis Besar,35,2,0
2025-12-20,Bakso,54,2,0
2025-12-20,Rais Boll Ayam Suwir,4,2,0
2025-12-20,Rais Boll Cumi Asin,4,2,0
2025-12-20,Tahu Bacem,7,2,0
2025-12-20,Tempe Bacem,7,2,0
2025-12-20,Nasi Kucing Ayam Suwir,4,2,0
2025-12-20,Nasi Kucing Cumi Asin,4,2,0
2025-12-21,Buntut,24,2,0
2025-12-21,Telur Puyuh,30,2,0
2025-12-21,Tahu,19,2,0
2025-12-21,Ampela,16,2,0
2025-12-21,Usus,15,2,0
2025-12-21,Ceker,45,2,0
2025-12-21,Leher,5,2,0
2025-12-21,Cikua,8,2,0
2025-12-21,Sosis Kecil,16,2,0
2025-12-21,Sosis Besar,28,2,0
2025-12-21,Bakso,60,2,0
2025-12-21,Rais Boll Ayam Suwir,4,2,0
2025-12-21,Rais Boll Cumi Asin,4,2,0
2025-12-21,Tahu Bacem,7,2,0
2025-12-21,Tempe Bacem,8,2,0
2025-12-21,Nasi Kucing Ayam Suwir,4,2,0
2025-12-21,Nasi Kucing Cumi Asin,3,2,0
2025-12-22,Buntut,10,2,0
2025-12-22,Telur Puyuh,18,2,0
2025-12-22,Tahu,9,2,0
2025-12-22,Ampela,8,2,0
2025-12-22,Usus,7,2,0
2025-12-22,Ceker,21,2,0
2025-12-22,Leher,1,2,0
2025-12-22,Cikua,6,2,0
2025-12-22,Sosis Kecil,13,2,0
2025-12-22,Sosis Besar,18,2,0
2025-12-22,Bakso,29,2,0
2025-12-22,Rais Boll Ayam Suwir,2,2,0
2025-12-22,Rais Boll Cumi Asin,2,2,0
2025-12-22,Tahu Bacem,4,2,0
2025-12-22,Tempe Bacem,4,2,0
2025-12-22,Nasi Kucing Ayam Suwir,2,2,0
2025-12-22,Nasi Kucing Cumi Asin,2,2,0
2025-12-23,Buntut,11,2,0
2025-12-23,Telur Puyuh,18,2,0
2025-12-23,Tahu,13,2,0
2025-12-23,Ampela,9,2,0
2025-12-23,Usus,9,2,0
2025-12-23,Ceker,25,2,0
2025-12-23,Leher,5,2,0
2025-12-23,Cikua,7,2,0
2025-12-23,Sosis Kecil,13,2,0
2025-12-23,Sosis Besar,19,2,0
2025-12-23,Bakso,38,2,0
2025-12-23,Rais Boll Ayam Suwir,2,2,0
2025-12-23,Rais Boll Cumi Asin,2,2,0
2025-12-23,Tahu Bacem,4,2,0
2025-12-23,Tempe Bacem,4,2,0
2025-12-23,Nasi Kucing Ayam Suwir,2,2,0
2025-12-23,Nasi Kucing Cumi Asin,2,2,0
2025-12-24,Buntut,14,2,0
2025-12-24,Telur Puyuh,22,2,0
2025-12-24,Tahu,16,2,0
2025-12-24,Ampela,13,2,0
2025-12-24,Usus,10,2,0
2025-12-24,Ceker,38,2,0
2025-12-24,Leher,5,2,0
2025-12-24,Cikua,1,2,0
2025-12-24,Sosis Kecil,17,2,0
2025-12-24,Sosis Besar,19,2,0
2025-12-24,Bakso,42,2,0
2025-12-24,Rais Boll Ayam Suwir,3,2,0
2025-12-24,Rais Boll Cumi Asin,4,2,0
2025-12-24,Tahu Bacem,5,2,0
2025-12-24,Tempe Bacem,5,2,0
2025-12-24,Nasi Kucing Ayam Suwir,3,2,0
2025-12-24,Nasi Kucing Cumi Asin,3,2,0
2025-12-25,Buntut,12,2,1
2025-12-25,Telur Puyuh,19,2,1
2025-12-25,Tahu,13,2,1
2025-12-25,Ampela,13,2,1
2025-12-25,Usus,8,2,1
2025-12-25,Ceker,33,2,1
2025-12-25,Leher,4,2,1
2025-12-25,Cikua,8,2,1
2025-12-25,Sosis Kecil,15,2,1
2025-12-25,Sosis Besar,21,2,1
2025-12-25,Bakso,41,2,1
2025-12-25,Rais Boll Ayam Suwir,2,2,1
2025-12-25,Rais Boll Cumi Asin,2,2,1
2025-12-25,Tahu Bacem,4,2,1
2025-12-25,Tempe Bacem,3,2,1
2025-12-25,Nasi Kucing Ayam Suwir,2,2,1
2025-12-25,Nasi Kucing Cumi Asin,2,2,1
2025-12-26,Buntut,13,2,0
2025-12-26,Telur Puyuh,28,2,0
2025-12-26,Tahu,14,2,0
2025-12-26,Ampela,12,2,0
2025-12-26,Usus,11,2,0
2025-12-26,Ceker,31,2,0
2025-12-26,Leher,5,2,0
2025-12-26,Cikua,8,2,0
2025-12-26,Sosis Kecil,14,2,0
2025-12-26,Sosis Besar,20,2,0
2025-12-26,Bakso,38,2,0
2025-12-26,Rais Boll Ayam Suwir,3,2,0
2025-12-26,Rais Boll Cumi Asin,3,2,0
2025-12-26,Tahu Bacem,6,2,0
2025-12-26,Tempe Bacem,6,2,0
2025-12-26,Nasi Kucing Ayam Suwir,3,2,0
2025-12-26,Nasi Kucing Cumi Asin,3,2,0
2025-12-27,Buntut,21,2,0
2025-12-27,Telur Puyuh,30,2,0
2025-12-27,Tahu,18,2,0
2025-12-27,Ampela,19,2,0
2025-12-27,Usus,16,2,0
2025-12-27,Ceker,41,2,0
2025-12-27,Leher,8,2,0
2025-12-27,Cikua,8,2,0
2025-12-27,Sosis Kecil,20,2,0
2025-12-27,Sosis Besar,31,2,0
2025-12-27,Bakso,55,2,0
2025-12-27,Rais Boll Ayam Suwir,4,2,0
2025-12-27,Rais Boll Cumi Asin,5,2,0
2025-12-27,Tahu Bacem,7,2,0
2025-12-27,Tempe Bacem,7,2,0
2025-12-27,Nasi Kucing Ayam Suwir,4,2,0
2025-12-27,Nasi Kucing Cumi Asin,3,2,0
2025-12-28,Buntut,20,2,0
2025-12-28,Telur Puyuh,31,2,0
2025-12-28,Tahu,17,2,0
2025-12-28,Ampela,17,2,0
2025-12-28,Usus,15,2,0
2025-12-28,Ceker,40,2,0
2025-12-28,Leher,8,2,0
2025-12-28,Cikua,10,2,0
2025-12-28,Sosis Kecil,19,2,0
2025-12-28,Sosis Besar,32,2,0
2025-12-28,Bakso,54,2,0
2025-12-28,Rais Boll Ayam Suwir,4,2,0
2025-12-28,Rais Boll Cumi Asin,4,2,0
2025-12-28,Tahu Bacem,7,2,0
2025-12-28,Tempe Bacem,7,2,0
2025-12-28,Nasi Kucing Ayam Suwir,3,2,0
2025-12-28,Nasi Kucing Cumi Asin,3,2,0
2025-12-29,Buntut,14,2,0
2025-12-29,Telur Puyuh,19,2,0
2025-12-29,Tahu,11,2,0
2025-12-29,Ampela,14,2,0
2025-12-29,Usus,8,2,0
2025-12-29,Ceker,31,2,0
2025-12-29,Leher,4,2,0
2025-12-29,Cikua,8,2,0
2025-12-29,Sosis Kecil,12,2,0
2025-12-29,Sosis Besar,28,2,0
2025-12-29,Bakso,44,2,0
2025-12-29,Rais Boll Ayam Suwir,3,2,0
2025-12-29,Rais Boll Cumi Asin,2,2,0
2025-12-29,Tahu Bacem,5,2,0
2025-12-29,Tempe Bacem,5,2,0
2025-12-29,Nasi Kucing Ayam Suwir,2,2,0
2025-12-29,Nasi Kucing Cumi Asin,2,2,0
2025-12-30,Buntut,11,2,0
2025-12-30,Telur Puyuh,26,2,0
2025-12-30,Tahu,13,2,0
2025-12-30,Ampela,13,2,0
2025-12-30,Usus,9,2,0
2025-12-30,Ceker,29,2,0
2025-12-30,Leher,4,2,0
2025-12-30,Cikua,8,2,0
2025-12-30,Sosis Kecil,15,2,0
2025-12-30,Sosis Besar,21,2,0
2025-12-30,Bakso,39,2,0
2025-12-30,Rais Boll Ayam Suwir,3,2,0
2025-12-30,Rais Boll Cumi Asin,3,2,0
2025-12-30,Tahu Bacem,5,2,0
2025-12-30,Tempe Bacem,5,2,0
2025-12-30,Nasi Kucing Ayam Suwir,3,2,0
2025-12-30,Nasi Kucing Cumi Asin,2,2,0
2025-12-31,Buntut,15,2,0
2025-12-31,Telur Puyuh,28,2,0
2025-12-31,Tahu,13,2,0
2025-12-31,Ampela,13,2,0
2025-12-31,Usus,13,2,0
2025-12-31,Ceker,35,2,0
2025-12-31,Leher,5,2,0
2025-12-31,Cikua,7,2,0
2025-12-31,Sosis Kecil,19,2,0
2025-12-31,Sosis Besar,29,2,0
2025-12-31,Bakso,45,2,0
2025-12-31,Rais Boll Ayam Suwir,4,2,0
2025-12-31,Rais Boll Cumi Asin,3,2,0
2025-12-31,Tahu Bacem,5,2,0
2025-12-31,Tempe Bacem,6,2,0
2025-12-31,Nasi Kucing Ayam Suwir,3,2,0
2025-12-31,Nasi Kucing Cumi Asin,3,2,0
2026-01-01,Buntut,10,2,1
2026-01-01,Telur Puyuh,24,2,1
2026-01-01,Tahu,8,2,1
2026-01-01,Ampela,9,2,1
2026-01-01,Usus,8,2,1
2026-01-01,Ceker,31,2,1
2026-01-01,Leher,4,2,1
2026-01-01,Cikua,6,2,1
2026-01-01,Sosis Kecil,13,2,1
2026-01-01,Sosis Besar,17,2,1
2026-01-01,Bakso,38,2,1
2026-01-01,Rais Boll Ayam Suwir,2,2,1
2026-01-01,Rais Boll Cumi Asin,2,2,1
2026-01-01,Tahu Bacem,4,2,1
2026-01-01,Tempe Bacem,3,2,1
2026-01-01,Nasi Kucing Ayam Suwir,2,2,1
2026-01-01,Nasi Kucing Cumi Asin,2,2,1
2026-01-02,Buntut,11,2,0
2026-01-02,Telur Puyuh,23,2,0
2026-01-02,Tahu,11,2,0
2026-01-02,Ampela,12,2,0
2026-01-02,Usus,11,2,0
2026-01-02,Ceker,35,2,0
2026-01-02,Leher,6,2,0
2026-01-02,Cikua,7,2,0
2026-01-02,Sosis Kecil,13,2,0
2026-01-02,Sosis Besar,22,2,0
2026-01-02,Bakso,38,2,0
2026-01-02,Rais Boll Ayam Suwir,3,2,0
2026-01-02,Rais Boll Cumi Asin,2,2,0
2026-01-02,Tahu Bacem,5,2,0
2026-01-02,Tempe Bacem,4,2,0
2026-01-02,Nasi Kucing Ayam Suwir,3,2,0
2026-01-02,Nasi Kucing Cumi Asin,2,2,0
2026-01-03,Buntut,16,2,0
2026-01-03,Telur Puyuh,22,2,0
2026-01-03,Tahu,15,2,0
2026-01-03,Ampela,13,2,0
2026-01-03,Usus,12,2,0
2026-01-03,Ceker,30,2,0
2026-01-03,Leher,6,2,0
2026-01-03,Cikua,8,2,0
2026-01-03,Sosis Kecil,16,2,0
2026-01-03,Sosis Besar,26,2,0
2026-01-03,Bakso,45,2,0
2026-01-03,Rais Boll Ayam Suwir,3,2,0
2026-01-03,Rais Boll Cumi Asin,3,2,0
2026-01-03,Tahu Bacem,6,2,0
2026-01-03,Tempe Bacem,6,2,0
2026-01-03,Nasi Kucing Ayam Suwir,3,2,0
2026-01-03,Nasi Kucing Cumi Asin,3,2,0
2026-01-04,Buntut,14,2,0
2026-01-04,Telur Puyuh,29,2,0
2026-01-04,Tahu,12,2,0
2026-01-04,Ampela,10,2,0
2026-01-04,Usus,10,2,0
2026-01-04,Ceker,32,2,0
2026-01-04,Leher,4,2,0
2026-01-04,Cikua,7,2,0
2026-01-04,Sosis Kecil,16,2,0
2026-01-04,Sosis Besar,25,2,0
2026-01-04,Bakso,38,2,0
2026-01-04,Rais Boll Ayam Suwir,3,2,0
2026-01-04,Rais Boll Cumi Asin,3,2,0
2026-01-04,Tahu Bacem,5,2,0
2026-01-04,Tempe Bacem,5,2,0
2026-01-04,Nasi Kucing Ayam Suwir,3,2,0
2026-01-04,Nasi Kucing Cumi Asin,2,2,0
2026-01-05,Buntut,12,2,0
2026-01-05,Telur Puyuh,17,2,0
2026-01-05,Tahu,10,2,0
2026-01-05,Ampela,9,2,0
2026-01-05,Usus,7,2,0
2026-01-05,Ceker,24,2,0
2026-01-05,Leher,4,2,0
2026-01-05,Cikua,4,2,0
2026-01-05,Sosis Kecil,11,2,0
2026-01-05,Sosis Besar,17,2,0
2026-01-05,Bakso,25,2,0
2026-01-05,Rais Boll Ayam Suwir,2,2,0
2026-01-05,Rais Boll Cumi Asin,2,2,0
2026-01-05,Tahu Bacem,3,2,0
2026-01-05,Tempe Bacem,4,2,0
2026-01-05,Nasi Kucing Ayam Suwir,2,2,0
2026-01-05,Nasi Kucing Cumi Asin,2,2,0
2026-01-06,Buntut,11,2,0
2026-01-06,Telur Puyuh,16,2,0
2026-01-06,Tahu,9,2,0
2026-01-06,Ampela,8,2,0
2026-01-06,Usus,8,2,0
2026-01-06,Ceker,24,2,0
2026-01-06,Leher,3,2,0
2026-01-06,Cikua,7,2,0
2026-01-06,Sosis Kecil,11,2,0
2026-01-06,Sosis Besar,20,2,0
2026-01-06,Bakso,32,2,0
2026-01-06,Rais Boll Ayam Suwir,2,2,0
2026-01-06,Rais Boll Cumi Asin,2,2,0
2026-01-06,Tahu Bacem,4,2,0
2026-01-06,Tempe Bacem,4,2,0
2026-01-06,Nasi Kucing Ayam Suwir,2,2,0
2026-01-06,Nasi Kucing Cumi Asin,2,2,0
2026-01-07,Buntut,12,2,0
2026-01-07,Telur Puyuh,17,2,0
2026-01-07,Tahu,10,2,0
2026-01-07,Ampela,10,2,0
2026-01-07,Usus,8,2,0
2026-01-07,Ceker,25,2,0
2026-01-07,Leher,3,2,0
2026-01-07,Cikua,6,2,0
2026-01-07,Sosis Kecil,16,2,0
2026-01-07,Sosis Besar,17,2,0
2026-01-07,Bakso,30,2,0
2026-01-07,Rais Boll Ayam Suwir,2,2,0
2026-01-07,Rais Boll Cumi Asin,2,2,0
2026-01-07,Tahu Bacem,4,2,0
2026-01-07,Tempe Bacem,4,2,0
2026-01-07,Nasi Kucing Ayam Suwir,2,2,0
2026-01-07,Nasi Kucing Cumi Asin,2,2,0
2026-01-08,Buntut,9,2,0
2026-01-08,Telur Puyuh,19,2,0
2026-01-08,Tahu,14,2,0
2026-01-08,Ampela,5,2,0
2026-01-08,Usus,10,2,0
2026-01-08,Ceker,29,2,0
2026-01-08,Leher,4,2,0
2026-01-08,Cikua,6,2,0
2026-01-08,Sosis Kecil,13,2,0
2026-01-08,Sosis Besar,21,2,0
2026-01-08,Bakso,39,2,0
2026-01-08,Rais Boll Ayam Suwir,2,2,0
2026-01-08,Rais Boll Cumi Asin,2,2,0
2026-01-08,Tahu Bacem,4,2,0
2026-01-08,Tempe Bacem,4,2,0
2026-01-08,Nasi Kucing Ayam Suwir,2,2,0
2026-01-08,Nasi Kucing Cumi Asin,2,2,0
2026-01-09,Buntut,14,2,0
2026-01-09,Telur Puyuh,25,2,0
2026-01-09,Tahu,11,2,0
2026-01-09,Ampela,11,2,0
2026-01-09,Usus,9,2,0
2026-01-09,Ceker,34,2,0
2026-01-09,Leher,4,2,0
2026-01-09,Cikua,5,2,0
2026-01-09,Sosis Kecil,15,2,0
2026-01-09,Sosis Besar,20,2,0
2026-01-09,Bakso,34,2,0
2026-01-09,Rais Boll Ayam Suwir,3,2,0
2026-01-09,Rais Boll Cumi Asin,3,2,0
2026-01-09,Tahu Bacem,4,2,0
2026-01-09,Tempe Bacem,5,2,0
2026-01-09,Nasi Kucing Ayam Suwir,2,2,0
2026-01-09,Nasi Kucing Cumi Asin,2,2,0
2026-01-10,Buntut,17,2,0
2026-01-10,Telur Puyuh,25,2,0
2026-01-10,Tahu,16,2,0
2026-01-10,Ampela,13,2,0
2026-01-10,Usus,12,2,0
2026-01-10,Ceker,35,2,0
2026-01-10,Leher,5,2,0
2026-01-10,Cikua,10,2,0
2026-01-10,Sosis Kecil,14,2,0
2026-01-10,Sosis Besar,29,2,0
2026-01-10,Bakso,47,2,0
2026-01-10,Rais Boll Ayam Suwir,4,2,0
2026-01-10,Rais Boll Cumi Asin,4,2,0
2026-01-10,Tahu Bacem,6,2,0
2026-01-10,Tempe Bacem,6,2,0
2026-01-10,Nasi Kucing Ayam Suwir,3,2,0
2026-01-10,Nasi Kucing Cumi Asin,2,2,0
2026-01-11,Buntut,16,2,0
2026-01-11,Telur Puyuh,20,2,0
2026-01-11,Tahu,13,2,0
2026-01-11,Ampela,10,2,0
2026-01-11,Usus,9,2,0
2026-01-11,Ceker,30,2,0
2026-01-11,Leher,4,2,0
2026-01-11,Cikua,6,2,0
2026-01-11,Sosis Kecil,14,2,0
2026-01-11,Sosis Besar,25,2,0
2026-01-11,Bakso,37,2,0
2026-01-11,Rais Boll Ayam Suwir,3,2,0
2026-01-11,Rais Boll Cumi Asin,3,2,0
2026-01-11,Tahu Bacem,5,2,0
2026-01-11,Tempe Bacem,5,2,0
2026-01-11,Nasi Kucing Ayam Suwir,3,2,0
2026-01-11,Nasi Kucing Cumi Asin,2,2,0
2026-01-12,Buntut,12,2,0
2026-01-12,Telur Puyuh,18,2,0
2026-01-12,Tahu,9,2,0
2026-01-12,Ampela,9,2,0
2026-01-12,Usus,5,2,0
2026-01-12,Ceker,23,2,0
2026-01-12,Leher,4,2,0
2026-01-12,Cikua,5,2,0
2026-01-12,Sosis Kecil,11,2,0
2026-01-12,Sosis Besar,18,2,0
2026-01-12,Bakso,27,2,0
2026-01-12,Rais Boll Ayam Suwir,2,2,0
2026-01-12,Rais Boll Cumi Asin,1,2,0
2026-01-12,Tahu Bacem,3,2,0
2026-01-12,Tempe Bacem,3,2,0
2026-01-12,Nasi Kucing Ayam Suwir,2,2,0
2026-01-12,Nasi Kucing Cumi Asin,2,2,0
2026-01-13,Buntut,11,2,0
2026-01-13,Telur Puyuh,16,2,0
2026-01-13,Tahu,11,2,0
2026-01-13,Ampela,7,2,0
2026-01-13,Usus,7,2,0
2026-01-13,Ceker,26,2,0
2026-01-13,Leher,3,2,0
2026-01-13,Cikua,6,2,0
2026-01-13,Sosis Kecil,10,2,0
2026-01-13,Sosis Besar,14,2,0
2026-01-13,Bakso,28,2,0
2026-01-13,Rais Boll Ayam Suwir,2,2,0
2026-01-13,Rais Boll Cumi Asin,2,2,0
2026-01-13,Tahu Bacem,4,2,0
2026-01-13,Tempe Bacem,4,2,0
2026-01-13,Nasi Kucing Ayam Suwir,2,2,0
2026-01-13,Nasi Kucing Cumi Asin,2,2,0
2026-01-14,Buntut,13,2,0
2026-01-14,Telur Puyuh,17,2,0
2026-01-14,Tahu,12,2,0
2026-01-14,Ampela,11,2,0
2026-01-14,Usus,8,2,0
2026-01-14,Ceker,25,2,0
2026-01-14,Leher,0,2,0
2026-01-14,Cikua,6,2,0
2026-01-14,Sosis Kecil,11,2,0
2026-01-14,Sosis Besar,20,2,0
2026-01-14,Bakso,29,2,0
2026-01-14,Rais Boll Ayam Suwir,3,2,0
2026-01-14,Rais Boll Cumi Asin,3,2,0
2026-01-14,Tahu Bacem,4,2,0
2026-01-14,Tempe Bacem,4,2,0
2026-01-14,Nasi Kucing Ayam Suwir,2,2,0
2026-01-14,Nasi Kucing Cumi Asin,2,2,0
2026-01-15,Buntut,13,2,0
2026-01-15,Telur Puyuh,17,2,0
2026-01-15,Tahu,11,2,0
2026-01-15,Ampela,10,2,0
2026-01-15,Usus,9,2,0
2026-01-15,Ceker,27,2,0
2026-01-15,Leher,3,2,0
2026-01-15,Cikua,6,2,0
2026-01-15,Sosis Kecil,15,2,0
2026-01-15,Sosis Besar,22,2,0
2026-01-15,Bakso,32,2,0
2026-01-15,Rais Boll Ayam Suwir,3,2,0
2026-01-15,Rais Boll Cumi Asin,3,2,0
2026-01-15,Tahu Bacem,4,2,0
2026-01-15,Tempe Bacem,4,2,0
2026-01-15,Nasi Kucing Ayam Suwir,2,2,0
2026-01-15,Nasi Kucing Cumi Asin,2,2,0
2026-01-16,Buntut,13,2,0
2026-01-16,Telur Puyuh,21,2,0
2026-01-16,Tahu,15,2,0
2026-01-16,Ampela,11,2,0
2026-01-16,Usus,11,2,0
2026-01-16,Ceker,27,2,0
2026-01-16,Leher,5,2,0
2026-01-16,Cikua,6,2,0
2026-01-16,Sosis Kecil,11,2,0
2026-01-16,Sosis Besar,20,2,0
2026-01-16,Bakso,44,2,0
2026-01-16,Rais Boll Ayam Suwir,3,2,0
2026-01-16,Rais Boll Cumi Asin,3,2,0
2026-01-16,Tahu Bacem,5,2,0
2026-01-16,Tempe Bacem,4,2,0
2026-01-16,Nasi Kucing Ayam Suwir,3,2,0
2026-01-16,Nasi Kucing Cumi Asin,2,2,0
2026-01-17,Buntut,18,2,0
2026-01-17,Telur Puyuh,31,2,0
2026-01-17,Tahu,20,2,0
2026-01-17,Ampela,18,2,0
2026-01-17,Usus,13,2,0
2026-01-17,Ceker,44,2,0
2026-01-17,Leher,3,2,0
2026-01-17,Cikua,12,2,0
2026-01-17,Sosis Kecil,18,2,0
2026-01-17,Sosis Besar,33,2,0
2026-01-17,Bakso,49,2,0
2026-01-17,Rais Boll Ayam Suwir,5,2,0
2026-01-17,Rais Boll Cumi Asin,4,2,0
2026-01-17,Tahu Bacem,7,2,0
2026-01-17,Tempe Bacem,7,2,0
2026-01-17,Nasi Kucing Ayam Suwir,3,2,0
2026-01-17,Nasi Kucing Cumi Asin,4,2,0
2026-01-18,Buntut,13,2,0
2026-01-18,Telur Puyuh,24,2,0
2026-01-18,Tahu,12,2,0
2026-01-18,Ampela,12,2,0
2026-01-18,Usus,9,2,0
2026-01-18,Ceker,31,2,0
2026-01-18,Leher,6,2,0
2026-01-18,Cikua,3,2,0
2026-01-18,Sosis Kecil,15,2,0
2026-01-18,Sosis Besar,22,2,0
2026-01-18,Bakso,37,2,0
2026-01-18,Rais Boll Ayam Suwir,3,2,0
2026-01-18,Rais Boll Cumi Asin,3,2,0
2026-01-18,Tahu Bacem,5,2,0
2026-01-18,Tempe Bacem,4,2,0
2026-01-18,Nasi Kucing Ayam Suwir,3,2,0
2026-01-18,Nasi Kucing Cumi Asin,2,2,0
2026-01-19,Buntut,10,2,0
2026-01-19,Telur Puyuh,19,2,0
2026-01-19,Tahu,11,2,0
2026-01-19,Ampela,11,2,0
2026-01-19,Usus,6,2,0
2026-01-19,Ceker,20,2,0
2026-01-19,Leher,4,2,0
2026-01-19,Cikua,5,2,0
2026-01-19,Sosis Kecil,10,2,0
2026-01-19,Sosis Besar,14,2,0
2026-01-19,Bakso,32,2,0
2026-01-19,Rais Boll Ayam Suwir,2,2,0
2026-01-19,Rais Boll Cumi Asin,2,2,0
2026-01-19,Tahu Bacem,3,2,0
2026-01-19,Tempe Bacem,3,2,0
2026-01-19,Nasi Kucing Ayam Suwir,2,2,0
2026-01-19,Nasi Kucing Cumi Asin,2,2,0
2026-01-20,Buntut,17,1,0
2026-01-20,Telur Puyuh,22,1,0
2026-01-20,Tahu,15,1,0
2026-01-20,Ampela,14,1,0
2026-01-20,Usus,11,1,0
2026-01-20,Ceker,41,1,0
2026-01-20,Leher,1,1,0
2026-01-20,Cikua,7,1,0
2026-01-20,Sosis Kecil,15,1,0
2026-01-20,Sosis Besar,14,1,0
2026-01-20,Bakso,48,1,0
2026-01-20,Rais Boll Ayam Suwir,3,1,0
2026-01-20,Rais Boll Cumi Asin,3,1,0
2026-01-20,Tahu Bacem,5,1,0
2026-01-20,Tempe Bacem,6,1,0
2026-01-20,Nasi Kucing Ayam Suwir,3,1,0
2026-01-20,Nasi Kucing Cumi Asin,3,1,0
2026-01-21,Buntut,16,1,0
2026-01-21,Telur Puyuh,24,1,0
2026-01-21,Tahu,16,1,0
2026-01-21,Ampela,13,1,0
2026-01-21,Usus,13,1,0
2026-01-21,Ceker,33,1,0
2026-01-21,Leher,6,1,0
2026-01-21,Cikua,6,1,0
2026-01-21,Sosis Kecil,19,1,0
2026-01-21,Sosis Besar,31,1,0
2026-01-21,Bakso,46,1,0
2026-01-21,Rais Boll Ayam Suwir,3,1,0
2026-01-21,Rais Boll Cumi Asin,3,1,0
2026-01-21,Tahu Bacem,6,1,0
2026-01-21,Tempe Bacem,6,1,0
2026-01-21,Nasi Kucing Ayam Suwir,3,1,0
2026-01-21,Nasi Kucing Cumi Asin,3,1,0
2026-01-22,Buntut,12,2,0
2026-01-22,Telur Puyuh,17,2,0
2026-01-22,Tahu,12,2,0
2026-01-22,Ampela,11,2,0
2026-01-22,Usus,8,2,0
2026-01-22,Ceker,26,2,0
2026-01-22,Leher,0,2,0
2026-01-22,Cikua,8,2,0
2026-01-22,Sosis Kecil,12,2,0
2026-01-22,Sosis Besar,17,2,0
2026-01-22,Bakso,37,2,0
2026-01-22,Rais Boll Ayam Suwir,3,2,0
2026-01-22,Rais Boll Cumi Asin,2,2,0
2026-01-22,Tahu Bacem,4,2,0
2026-01-22,Tempe Bacem,5,2,0
2026-01-22,Nasi Kucing Ayam Suwir,3,2,0
2026-01-22,Nasi Kucing Cumi Asin,2,2,0
2026-01-23,Buntut,14,2,0
2026-01-23,Telur Puyuh,24,2,0
2026-01-23,Tahu,12,2,0
2026-01-23,Ampela,12,2,0
2026-01-23,Usus,10,2,0
2026-01-23,Ceker,27,2,0
2026-01-23,Leher,5,2,0
2026-01-23,Cikua,8,2,0
2026-01-23,Sosis Kecil,13,2,0
2026-01-23,Sosis Besar,24,2,0
2026-01-23,Bakso,33,2,0
2026-01-23,Rais Boll Ayam Suwir,3,2,0
2026-01-23,Rais Boll Cumi Asin,3,2,0
2026-01-23,Tahu Bacem,5,2,0
2026-01-23,Tempe Bacem,5,2,0
2026-01-23,Nasi Kucing Ayam Suwir,3,2,0
2026-01-23,Nasi Kucing Cumi Asin,2,2,0
2026-01-24,Buntut,15,2,0
2026-01-24,Telur Puyuh,22,2,0
2026-01-24,Tahu,16,2,0
2026-01-24,Ampela,15,2,0
2026-01-24,Usus,11,2,0
2026-01-24,Ceker,34,2,0
2026-01-24,Leher,7,2,0
2026-01-24,Cikua,7,2,0
2026-01-24,Sosis Kecil,12,2,0
2026-01-24,Sosis Besar,25,2,0
2026-01-24,Bakso,42,2,0
2026-01-24,Rais Boll Ayam Suwir,3,2,0
2026-01-24,Rais Boll Cumi Asin,3,2,0
2026-01-24,Tahu Bacem,5,2,0
2026-01-24,Tempe Bacem,6,2,0
2026-01-24,Nasi Kucing Ayam Suwir,3,2,0
2026-01-24,Nasi Kucing Cumi Asin,3,2,0
2026-01-25,Buntut,14,2,0
2026-01-25,Telur Puyuh,26,2,0
2026-01-25,Tahu,13,2,0
2026-01-25,Ampela,13,2,0
2026-01-25,Usus,10,2,0
2026-01-25,Ceker,28,2,0
2026-01-25,Leher,4,2,0
2026-01-25,Cikua,8,2,0
2026-01-25,Sosis Kecil,12,2,0
2026-01-25,Sosis Besar,28,2,0
2026-01-25,Bakso,35,2,0
2026-01-25,Rais Boll Ayam Suwir,4,2,0
2026-01-25,Rais Boll Cumi Asin,3,2,0
2026-01-25,Tahu Bacem,5,2,0
2026-01-25,Tempe Bacem,5,2,0
2026-01-25,Nasi Kucing Ayam Suwir,3,2,0
2026-01-25,Nasi Kucing Cumi Asin,2,2,0
2026-01-26,Buntut,10,2,0
2026-01-26,Telur Puyuh,16,2,0
2026-01-26,Tahu,8,2,0
2026-01-26,Ampela,9,2,0
2026-01-26,Usus,8,2,0
2026-01-26,Ceker,23,2,0
2026-01-26,Leher,4,2,0
2026-01-26,Cikua,6,2,0
2026-01-26,Sosis Kecil,9,2,0
2026-01-26,Sosis Besar,16,2,0
2026-01-26,Bakso,27,2,0
2026-01-26,Rais Boll Ayam Suwir,2,2,0
2026-01-26,Rais Boll Cumi Asin,2,2,0
2026-01-26,Tahu Bacem,3,2,0
2026-01-26,Tempe Bacem,4,2,0
2026-01-26,Nasi Kucing Ayam Suwir,2,2,0
2026-01-26,Nasi Kucing Cumi Asin,2,2,0
2026-01-27,Buntut,11,2,0
2026-01-27,Telur Puyuh,23,2,0
2026-01-27,Tahu,11,2,0
2026-01-27,Ampela,11,2,0
2026-01-27,Usus,10,2,0
2026-01-27,Ceker,30,2,0
2026-01-27,Leher,5,2,0
2026-01-27,Cikua,1,2,0
2026-01-27,Sosis Kecil,13,2,0
2026-01-27,Sosis Besar,24,2,0
2026-01-27,Bakso,38,2,0
2026-01-27,Rais Boll Ayam Suwir,3,2,0
2026-01-27,Rais Boll Cumi Asin,3,2,0
2026-01-27,Tahu Bacem,5,2,0
2026-01-27,Tempe Bacem,4,2,0
2026-01-27,Nasi Kucing Ayam Suwir,3,2,0
2026-01-27,Nasi Kucing Cumi Asin,2,2,0
2026-01-28,Buntut,8,2,0
2026-01-28,Telur Puyuh,17,2,0
2026-01-28,Tahu,10,2,0
2026-01-28,Ampela,9,2,0
2026-01-28,Usus,7,2,0
2026-01-28,Ceker,30,2,0
2026-01-28,Leher,0,2,0
2026-01-28,Cikua,4,2,0
2026-01-28,Sosis Kecil,12,2,0
2026-01-28,Sosis Besar,18,2,0
2026-01-28,Bakso,30,2,0
2026-01-28,Rais Boll Ayam Suwir,2,2,0
2026-01-28,Rais Boll Cumi Asin,3,2,0
2026-01-28,Tahu Bacem,3,2,0
2026-01-28,Tempe Bacem,4,2,0
2026-01-28,Nasi Kucing Ayam Suwir,2,2,0
2026-01-28,Nasi Kucing Cumi Asin,2,2,0
2026-01-29,Buntut,13,2,0
2026-01-29,Telur Puyuh,23,2,0
2026-01-29,Tahu,10,2,0
2026-01-29,Ampela,12,2,0
2026-01-29,Usus,10,2,0
2026-01-29,Ceker,26,2,0
2026-01-29,Leher,5,2,0
2026-01-29,Cikua,6,2,0
2026-01-29,Sosis Kecil,13,2,0
2026-01-29,Sosis Besar,16,2,0
2026-01-29,Bakso,34,2,0
2026-01-29,Rais Boll Ayam Suwir,3,2,0
2026-01-29,Rais Boll Cumi Asin,3,2,0
2026-01-29,Tahu Bacem,4,2,0
2026-01-29,Tempe Bacem,4,2,0
2026-01-29,Nasi Kucing Ayam Suwir,2,2,0
2026-01-29,Nasi Kucing Cumi Asin,2,2,0
2026-01-30,Buntut,14,2,0
2026-01-30,Telur Puyuh,21,2,0
2026-01-30,Tahu,12,2,0
2026-01-30,Ampela,12,2,0
2026-01-30,Usus,8,2,0
2026-01-30,Ceker,31,2,0
2026-01-30,Leher,4,2,0
2026-01-30,Cikua,3,2,0
2026-01-30,Sosis Kecil,11,2,0
2026-01-30,Sosis Besar,25,2,0
2026-01-30,Bakso,37,2,0
2026-01-30,Rais Boll Ayam Suwir,3,2,0
2026-01-30,Rais Boll Cumi Asin,3,2,0
2026-01-30,Tahu Bacem,4,2,0
2026-01-30,Tempe Bacem,5,2,0
2026-01-30,Nasi Kucing Ayam Suwir,3,2,0
2026-01-30,Nasi Kucing Cumi Asin,3,2,0
2026-01-31,Buntut,16,2,0
2026-01-31,Telur Puyuh,26,2,0
2026-01-31,Tahu,14,2,0
2026-01-31,Ampela,14,2,0
2026-01-31,Usus,10,2,0
2026-01-31,Ceker,37,2,0
2026-01-31,Leher,5,2,0
2026-01-31,Cikua,8,2,0
2026-01-31,Sosis Kecil,18,2,0
2026-01-31,Sosis Besar,31,2,0
2026-01-31,Bakso,47,2,0
2026-01-31,Rais Boll Ayam Suwir,3,2,0
2026-01-31,Rais Boll Cumi Asin,3,2,0
2026-01-31,Tahu Bacem,5,2,0
2026-01-31,Tempe Bacem,5,2,0
2026-01-31,Nasi Kucing Ayam Suwir,3,2,0
2026-01-31,Nasi Kucing Cumi Asin,3,2,0
2026-02-01,Buntut,15,2,0
2026-02-01,Telur Puyuh,23,2,0
2026-02-01,Tahu,13,2,0
2026-02-01,Ampela,10,2,0
2026-02-01,Usus,10,2,0
2026-02-01,Ceker,31,2,0
2026-02-01,Leher,5,2,0
2026-02-01,Cikua,8,2,0
2026-02-01,Sosis Kecil,16,2,0
2026-02-01,Sosis Besar,25,2,0
2026-02-01,Bakso,38,2,0
2026-02-01,Rais Boll Ayam Suwir,3,2,0
2026-02-01,Rais Boll Cumi Asin,3,2,0
2026-02-01,Tahu Bacem,5,2,0
2026-02-01,Tempe Bacem,5,2,0
2026-02-01,Nasi Kucing Ayam Suwir,3,2,0
2026-02-01,Nasi Kucing Cumi Asin,2,2,0
2026-02-02,Buntut,12,2,0
2026-02-02,Telur Puyuh,15,2,0
2026-02-02,Tahu,13,2,0
2026-02-02,Ampela,10,2,0
2026-02-02,Usus,8,2,0
2026-02-02,Ceker,23,2,0
2026-02-02,Leher,2,2,0
2026-02-02,Cikua,5,2,0
2026-02-02,Sosis Kecil,6,2,0
2026-02-02,Sosis Besar,14,2,0
2026-02-02,Bakso,27,2,0
2026-02-02,Rais Boll Ayam Suwir,2,2,0
2026-02-02,Rais Boll Cumi Asin,2,2,0
2026-02-02,Tahu Bacem,3,2,0
2026-02-02,Tempe Bacem,3,2,0
2026-02-02,Nasi Kucing Ayam Suwir,2,2,0
2026-02-02,Nasi Kucing Cumi Asin,2,2,0
2026-02-03,Buntut,12,2,0
2026-02-03,Telur Puyuh,18,2,0
2026-02-03,Tahu,9,2,0
2026-02-03,Ampela,11,2,0
2026-02-03,Usus,8,2,0
2026-02-03,Ceker,21,2,0
2026-02-03,Leher,4,2,0
2026-02-03,Cikua,5,2,0
2026-02-03,Sosis Kecil,11,2,0
2026-02-03,Sosis Besar,15,2,0
2026-02-03,Bakso,28,2,0
2026-02-03,Rais Boll Ayam Suwir,2,2,0
2026-02-03,Rais Boll Cumi Asin,2,2,0
2026-02-03,Tahu Bacem,4,2,0
2026-02-03,Tempe Bacem,3,2,0
2026-02-03,Nasi Kucing Ayam Suwir,2,2,0
2026-02-03,Nasi Kucing Cumi Asin,2,2,0
2026-02-04,Buntut,13,2,0
2026-02-04,Telur Puyuh,20,2,0
2026-02-04,Tahu,11,2,0
2026-02-04,Ampela,11,2,0
2026-02-04,Usus,8,2,0
2026-02-04,Ceker,23,2,0
2026-02-04,Leher,5,2,0
2026-02-04,Cikua,6,2,0
2026-02-04,Sosis Kecil,11,2,0
2026-02-04,Sosis Besar,18,2,0
2026-02-04,Bakso,33,2,0
2026-02-04,Rais Boll Ayam Suwir,2,2,0
2026-02-04,Rais Boll Cumi Asin,2,2,0
2026-02-04,Tahu Bacem,4,2,0
2026-02-04,Tempe Bacem,4,2,0
2026-02-04,Nasi Kucing Ayam Suwir,2,2,0
2026-02-04,Nasi Kucing Cumi Asin,2,2,0
2026-02-05,Buntut,14,2,0
2026-02-05,Telur Puyuh,17,2,0
2026-02-05,Tahu,9,2,0
2026-02-05,Ampela,10,2,0
2026-02-05,Usus,9,2,0
2026-02-05,Ceker,29,2,0
2026-02-05,Leher,5,2,0
2026-02-05,Cikua,6,2,0
2026-02-05,Sosis Kecil,11,2,0
2026-02-05,Sosis Besar,18,2,0
2026-02-05,Bakso,28,2,0
2026-02-05,Rais Boll Ayam Suwir,2,2,0
2026-02-05,Rais Boll Cumi Asin,2,2,0
2026-02-05,Tahu Bacem,3,2,0
2026-02-05,Tempe Bacem,4,2,0
2026-02-05,Nasi Kucing Ayam Suwir,2,2,0
2026-02-05,Nasi Kucing Cumi Asin,2,2,0
2026-02-06,Buntut,13,2,0
2026-02-06,Telur Puyuh,20,2,0
2026-02-06,Tahu,14,2,0
2026-02-06,Ampela,13,2,0
2026-02-06,Usus,11,2,0
2026-02-06,Ceker,27,2,0
2026-02-06,Leher,5,2,0
2026-02-06,Cikua,7,2,0
2026-02-06,Sosis Kecil,15,2,0
2026-02-06,Sosis Besar,20,2,0
2026-02-06,Bakso,43,2,0
2026-02-06,Rais Boll Ayam Suwir,3,2,0
2026-02-06,Rais Boll Cumi Asin,3,2,0
2026-02-06,Tahu Bacem,5,2,0
2026-02-06,Tempe Bacem,5,2,0
2026-02-06,Nasi Kucing Ayam Suwir,2,2,0
2026-02-06,Nasi Kucing Cumi Asin,2,2,0
2026-02-07,Buntut,16,2,0
2026-02-07,Telur Puyuh,30,2,0
2026-02-07,Tahu,13,2,0
2026-02-07,Ampela,11,2,0
2026-02-07,Usus,9,2,0
2026-02-07,Ceker,39,2,0
2026-02-07,Leher,5,2,0
2026-02-07,Cikua,10,2,0
2026-02-07,Sosis Kecil,18,2,0
2026-02-07,Sosis Besar,30,2,0
2026-02-07,Bakso,49,2,0
2026-02-07,Rais Boll Ayam Suwir,4,2,0
2026-02-07,Rais Boll Cumi Asin,3,2,0
2026-02-07,Tahu Bacem,5,2,0
2026-02-07,Tempe Bacem,6,2,0
2026-02-07,Nasi Kucing Ayam Suwir,3,2,0
2026-02-07,Nasi Kucing Cumi Asin,3,2,0
2026-02-08,Buntut,14,2,0
2026-02-08,Telur Puyuh,21,2,0
2026-02-08,Tahu,13,2,0
2026-02-08,Ampela,13,2,0
2026-02-08,Usus,12,2,0
2026-02-08,Ceker,30,2,0
2026-02-08,Leher,5,2,0
2026-02-08,Cikua,9,2,0
2026-02-08,Sosis Kecil,17,2,0
2026-02-08,Sosis Besar,22,2,0
2026-02-08,Bakso,45,2,0
2026-02-08,Rais Boll Ayam Suwir,3,2,0
2026-02-08,Rais Boll Cumi Asin,3,2,0
2026-02-08,Tahu Bacem,5,2,0
2026-02-08,Tempe Bacem,5,2,0
2026-02-08,Nasi Kucing Ayam Suwir,2,2,0
2026-02-08,Nasi Kucing Cumi Asin,2,2,0
2026-02-09,Buntut,10,2,0
2026-02-09,Telur Puyuh,16,2,0
2026-02-09,Tahu,7,2,0
2026-02-09,Ampela,10,2,0
2026-02-09,Usus,7,2,0
2026-02-09,Ceker,22,2,0
2026-02-09,Leher,0,2,0
2026-02-09,Cikua,3,2,0
2026-02-09,Sosis Kecil,10,2,0
2026-02-09,Sosis Besar,18,2,0
2026-02-09,Bakso,30,2,0
2026-02-09,Rais Boll Ayam Suwir,2,2,0
2026-02-09,Rais Boll Cumi Asin,3,2,0
2026-02-09,Tahu Bacem,3,2,0
2026-02-09,Tempe Bacem,3,2,0
2026-02-09,Nasi Kucing Ayam Suwir,2,2,0
2026-02-09,Nasi Kucing Cumi Asin,2,2,0
2026-02-10,Buntut,11,2,0
2026-02-10,Telur Puyuh,17,2,0
2026-02-10,Tahu,10,2,0
2026-02-10,Ampela,10,2,0
2026-02-10,Usus,8,2,0
2026-02-10,Ceker,27,2,0
2026-02-10,Leher,3,2,0
2026-02-10,Cikua,5,2,0
2026-02-10,Sosis Kecil,12,2,0
2026-02-10,Sosis Besar,21,2,0
2026-02-10,Bakso,30,2,0
2026-02-10,Rais Boll Ayam Suwir,3,2,0
2026-02-10,Rais Boll Cumi Asin,3,2,0
2026-02-10,Tahu Bacem,3,2,0
2026-02-10,Tempe Bacem,3,2,0
2026-02-10,Nasi Kucing Ayam Suwir,2,2,0
2026-02-10,Nasi Kucing Cumi Asin,2,2,0
2026-02-11,Buntut,12,2,0
2026-02-11,Telur Puyuh,17,2,0
2026-02-11,Tahu,9,2,0
2026-02-11,Ampela,9,2,0
2026-02-11,Usus,10,2,0
2026-02-11,Ceker,21,2,0
2026-02-11,Leher,3,2,0
2026-02-11,Cikua,6,2,0
2026-02-11,Sosis Kecil,13,2,0
2026-02-11,Sosis Besar,21,2,0
2026-02-11,Bakso,27,2,0
2026-02-11,Rais Boll Ayam Suwir,3,2,0
2026-02-11,Rais Boll Cumi Asin,2,2,0
2026-02-11,Tahu Bacem,5,2,0
2026-02-11,Tempe Bacem,4,2,0
2026-02-11,Nasi Kucing Ayam Suwir,2,2,0
2026-02-11,Nasi Kucing Cumi Asin,2,2,0
2026-02-12,Buntut,13,2,0
2026-02-12,Telur Puyuh,16,2,0
2026-02-12,Tahu,12,2,0
2026-02-12,Ampela,12,2,0
2026-02-12,Usus,8,2,0
2026-02-12,Ceker,22,2,0
2026-02-12,Leher,1,2,0
2026-02-12,Cikua,7,2,0
2026-02-12,Sosis Kecil,11,2,0
2026-02-12,Sosis Besar,17,2,0
2026-02-12,Bakso,31,2,0
2026-02-12,Rais Boll Ayam Suwir,2,2,0
2026-02-12,Rais Boll Cumi Asin,2,2,0
2026-02-12,Tahu Bacem,4,2,0
2026-02-12,Tempe Bacem,4,2,0
2026-02-12,Nasi Kucing Ayam Suwir,2,2,0
2026-02-12,Nasi Kucing Cumi Asin,2,2,0
2026-02-13,Buntut,15,2,0
2026-02-13,Telur Puyuh,22,2,0
2026-02-13,Tahu,13,2,0
2026-02-13,Ampela,13,2,0
2026-02-13,Usus,10,2,0
2026-02-13,Ceker,30,2,0
2026-02-13,Leher,4,2,0
2026-02-13,Cikua,7,2,0
2026-02-13,Sosis Kecil,12,2,0
2026-02-13,Sosis Besar,24,2,0
2026-02-13,Bakso,35,2,0
2026-02-13,Rais Boll Ayam Suwir,3,2,0
2026-02-13,Rais Boll Cumi Asin,3,2,0
2026-02-13,Tahu Bacem,4,2,0
2026-02-13,Tempe Bacem,5,2,0
2026-02-13,Nasi Kucing Ayam Suwir,3,2,0
2026-02-13,Nasi Kucing Cumi Asin,2,2,0
2026-02-14,Buntut,17,2,0
2026-02-14,Telur Puyuh,25,2,0
2026-02-14,Tahu,16,2,0
2026-02-14,Ampela,13,2,0
2026-02-14,Usus,11,2,0
2026-02-14,Ceker,31,2,0
2026-02-14,Leher,5,2,0
2026-02-14,Cikua,7,2,0
2026-02-14,Sosis Kecil,15,2,0
2026-02-14,Sosis Besar,23,2,0
2026-02-14,Bakso,46,2,0
2026-02-14,Rais Boll Ayam Suwir,3,2,0
2026-02-14,Rais Boll Cumi Asin,3,2,0
2026-02-14,Tahu Bacem,5,2,0
2026-02-14,Tempe Bacem,5,2,0
2026-02-14,Nasi Kucing Ayam Suwir,3,2,0
2026-02-14,Nasi Kucing Cumi Asin,3,2,0
2026-02-15,Buntut,12,2,0
2026-02-15,Telur Puyuh,19,2,0
2026-02-15,Tahu,13,2,0
2026-02-15,Ampela,5,2,0
2026-02-15,Usus,9,2,0
2026-02-15,Ceker,25,2,0
2026-02-15,Leher,3,2,0
2026-02-15,Cikua,5,2,0
2026-02-15,Sosis Kecil,13,2,0
2026-02-15,Sosis Besar,22,2,0
2026-02-15,Bakso,41,2,0
2026-02-15,Rais Boll Ayam Suwir,3,2,0
2026-02-15,Rais Boll Cumi Asin,3,2,0
2026-02-15,Tahu Bacem,5,2,0
2026-02-15,Tempe Bacem,5,2,0
2026-02-15,Nasi Kucing Ayam Suwir,3,2,0
2026-02-15,Nasi Kucing Cumi Asin,3,2,0
2026-02-16,Buntut,10,2,0
2026-02-16,Telur Puyuh,20,2,0
2026-02-16,Tahu,9,2,0
2026-02-16,Ampela,9,2,0
2026-02-16,Usus,8,2,0
2026-02-16,Ceker,23,2,0
2026-02-16,Leher,4,2,0
2026-02-16,Cikua,4,2,0
2026-02-16,Sosis Kecil,10,2,0
2026-02-16,Sosis Besar,17,2,0
2026-02-16,Bakso,26,2,0
2026-02-16,Rais Boll Ayam Suwir,2,2,0
2026-02-16,Rais Boll Cumi Asin,2,2,0
2026-02-16,Tahu Bacem,3,2,0
2026-02-16,Tempe Bacem,3,2,0
2026-02-16,Nasi Kucing Ayam Suwir,2,2,0
2026-02-16,Nasi Kucing Cumi Asin,2,2,0
2026-02-17,Buntut,9,2,1
2026-02-17,Telur Puyuh,18,2,1
2026-02-17,Tahu,10,2,1
2026-02-17,Ampela,10,2,1
2026-02-17,Usus,8,2,1
2026-02-17,Ceker,23,2,1
2026-02-17,Leher,3,2,1
2026-02-17,Cikua,8,2,1
2026-02-17,Sosis Kecil,11,2,1
2026-02-17,Sosis Besar,19,2,1
2026-02-17,Bakso,28,2,1
2026-02-17,Rais Boll Ayam Suwir,2,2,1
2026-02-17,Rais Boll Cumi Asin,2,2,1
2026-02-17,Tahu Bacem,3,2,1
2026-02-17,Tempe Bacem,4,2,1
2026-02-17,Nasi Kucing Ayam Suwir,2,2,1
2026-02-17,Nasi Kucing Cumi Asin,2,2,1
2026-02-18,Buntut,9,2,0
2026-02-18,Telur Puyuh,18,2,0
2026-02-18,Tahu,10,2,0
2026-02-18,Ampela,11,2,0
2026-02-18,Usus,7,2,0
2026-02-18,Ceker,30,2,0
2026-02-18,Leher,0,2,0
2026-02-18,Cikua,5,2,0
2026-02-18,Sosis Kecil,10,2,0
2026-02-18,Sosis Besar,19,2,0
2026-02-18,Bakso,30,2,0
2026-02-18,Rais Boll Ayam Suwir,2,2,0
2026-02-18,Rais Boll Cumi Asin,2,2,0
2026-02-18,Tahu Bacem,4,2,0
2026-02-18,Tempe Bacem,4,2,0
2026-02-18,Nasi Kucing Ayam Suwir,2,2,0
2026-02-18,Nasi Kucing Cumi Asin,2,2,0
2026-02-19,Buntut,17,2,0
2026-02-19,Telur Puyuh,28,2,0
2026-02-19,Tahu,15,2,0
2026-02-19,Ampela,12,2,0
2026-02-19,Usus,11,2,0
2026-02-19,Ceker,37,2,0
2026-02-19,Leher,4,2,0
2026-02-19,Cikua,9,2,0
2026-02-19,Sosis Kecil,16,2,0
2026-02-19,Sosis Besar,27,2,0
2026-02-19,Bakso,46,2,0
2026-02-19,Rais Boll Ayam Suwir,3,2,0
2026-02-19,Rais Boll Cumi Asin,3,2,0
2026-02-19,Tahu Bacem,5,2,0
2026-02-19,Tempe Bacem,6,2,0
2026-02-19,Nasi Kucing Ayam Suwir,3,2,0
2026-02-19,Nasi Kucing Cumi Asin,3,2,0
2026-02-20,Buntut,21,2,0
2026-02-20,Telur Puyuh,33,2,0
2026-02-20,Tahu,18,2,0
2026-02-20,Ampela,14,2,0
2026-02-20,Usus,16,2,0
2026-02-20,Ceker,49,2,0
2026-02-20,Leher,6,2,0
2026-02-20,Cikua,9,2,0
2026-02-20,Sosis Kecil,19,2,0
2026-02-20,Sosis Besar,28,2,0
2026-02-20,Bakso,55,2,0
2026-02-20,Rais Boll Ayam Suwir,4,2,0
2026-02-20,Rais Boll Cumi Asin,4,2,0
2026-02-20,Tahu Bacem,7,2,0
2026-02-20,Tempe Bacem,7,2,0
2026-02-20,Nasi Kucing Ayam Suwir,3,2,0
2026-02-20,Nasi Kucing Cumi Asin,3,2,0
2026-02-21,Buntut,25,2,0
2026-02-21,Telur Puyuh,37,2,0
2026-02-21,Tahu,20,2,0
2026-02-21,Ampela,19,2,0
2026-02-21,Usus,16,2,0
2026-02-21,Ceker,55,2,0
2026-02-21,Leher,9,2,0
2026-02-21,Cikua,12,2,0
2026-02-21,Sosis Kecil,22,2,0
2026-02-21,Sosis Besar,37,2,0
2026-02-21,Bakso,65,2,0
2026-02-21,Rais Boll Ayam Suwir,4,2,0
2026-02-21,Rais Boll Cumi Asin,3,2,0
2026-02-21,Tahu Bacem,7,2,0
2026-02-21,Tempe Bacem,7,2,0
2026-02-21,Nasi Kucing Ayam Suwir,4,2,0
2026-02-21,Nasi Kucing Cumi Asin,3,2,0
2026-02-22,Buntut,17,2,0
2026-02-22,Telur Puyuh,31,2,0
2026-02-22,Tahu,18,2,0
2026-02-22,Ampela,13,2,0
2026-02-22,Usus,14,2,0
2026-02-22,Ceker,45,2,0
2026-02-22,Leher,7,2,0
2026-02-22,Cikua,11,2,0
2026-02-22,Sosis Kecil,23,2,0
2026-02-22,Sosis Besar,33,2,0
2026-02-22,Bakso,48,2,0
2026-02-22,Rais Boll Ayam Suwir,4,2,0
2026-02-22,Rais Boll Cumi Asin,4,2,0
2026-02-22,Tahu Bacem,6,2,0
2026-02-22,Tempe Bacem,6,2,0
2026-02-22,Nasi Kucing Ayam Suwir,3,2,0
2026-02-22,Nasi Kucing Cumi Asin,3,2,0
2026-02-23,Buntut,15,2,0
2026-02-23,Telur Puyuh,22,2,0
2026-02-23,Tahu,14,2,0
2026-02-23,Ampela,9,2,0
2026-02-23,Usus,8,2,0
2026-02-23,Ceker,26,2,0
2026-02-23,Leher,4,2,0
2026-02-23,Cikua,7,2,0
2026-02-23,Sosis Kecil,12,2,0
2026-02-23,Sosis Besar,25,2,0
2026-02-23,Bakso,43,2,0
2026-02-23,Rais Boll Ayam Suwir,3,2,0
2026-02-23,Rais Boll Cumi Asin,3,2,0
2026-02-23,Tahu Bacem,5,2,0
2026-02-23,Tempe Bacem,4,2,0
2026-02-23,Nasi Kucing Ayam Suwir,3,2,0
2026-02-23,Nasi Kucing Cumi Asin,2,2,0
2026-02-24,Buntut,16,2,0
2026-02-24,Telur Puyuh,21,2,0
2026-02-24,Tahu,14,2,0
2026-02-24,Ampela,15,2,0
2026-02-24,Usus,12,2,0
2026-02-24,Ceker,31,2,0
2026-02-24,Leher,6,2,0
2026-02-24,Cikua,6,2,0
2026-02-24,Sosis Kecil,15,2,0
2026-02-24,Sosis Besar,22,2,0
2026-02-24,Bakso,38,2,0
2026-02-24,Rais Boll Ayam Suwir,3,2,0
2026-02-24,Rais Boll Cumi Asin,2,2,0
2026-02-24,Tahu Bacem,4,2,0
2026-02-24,Tempe Bacem,4,2,0
2026-02-24,Nasi Kucing Ayam Suwir,3,2,0
2026-02-24,Nasi Kucing Cumi Asin,3,2,0
2026-02-25,Buntut,14,2,0
2026-02-25,Telur Puyuh,29,2,0
2026-02-25,Tahu,15,2,0
2026-02-25,Ampela,13,2,0
2026-02-25,Usus,12,2,0
2026-02-25,Ceker,33,2,0
2026-02-25,Leher,5,2,0
2026-02-25,Cikua,7,2,0
2026-02-25,Sosis Kecil,16,2,0
2026-02-25,Sosis Besar,26,2,0
2026-02-25,Bakso,45,2,0
2026-02-25,Rais Boll Ayam Suwir,3,2,0
2026-02-25,Rais Boll Cumi Asin,3,2,0
2026-02-25,Tahu Bacem,6,2,0
2026-02-25,Tempe Bacem,4,2,0
2026-02-25,Nasi Kucing Ayam Suwir,3,2,0
2026-02-25,Nasi Kucing Cumi Asin,3,2,0
2026-02-26,Buntut,16,2,0
2026-02-26,Telur Puyuh,23,2,0
2026-02-26,Tahu,14,2,0
2026-02-26,Ampela,14,2,0
2026-02-26,Usus,13,2,0
2026-02-26,Ceker,35,2,0
2026-02-26,Leher,2,2,0
2026-02-26,Cikua,8,2,0
2026-02-26,Sosis Kecil,19,2,0
2026-02-26,Sosis Besar,28,2,0
2026-02-26,Bakso,43,2,0
2026-02-26,Rais Boll Ayam Suwir,4,2,0
2026-02-26,Rais Boll Cumi Asin,3,2,0
2026-02-26,Tahu Bacem,6,2,0
2026-02-26,Tempe Bacem,6,2,0
2026-02-26,Nasi Kucing Ayam Suwir,3,2,0
2026-02-26,Nasi Kucing Cumi Asin,2,2,0
2026-02-27,Buntut,22,2,0
2026-02-27,Telur Puyuh,29,2,0
2026-02-27,Tahu,17,2,0
2026-02-27,Ampela,16,2,0
2026-02-27,Usus,17,2,0
2026-02-27,Ceker,50,2,0
2026-02-27,Leher,7,2,0
2026-02-27,Cikua,10,2,0
2026-02-27,Sosis Kecil,20,2,0
2026-02-27,Sosis Besar,38,2,0
2026-02-27,Bakso,56,2,0
2026-02-27,Rais Boll Ayam Suwir,4,2,0
2026-02-27,Rais Boll Cumi Asin,3,2,0
2026-02-27,Tahu Bacem,6,2,0
2026-02-27,Tempe Bacem,7,2,0
2026-02-27,Nasi Kucing Ayam Suwir,3,2,0
2026-02-27,Nasi Kucing Cumi Asin,3,2,0
2026-02-28,Buntut,24,2,0
2026-02-28,Telur Puyuh,38,2,0
2026-02-28,Tahu,20,2,0
2026-02-28,Ampela,17,2,0
2026-02-28,Usus,14,2,0
2026-02-28,Ceker,50,2,0
2026-02-28,Leher,8,2,0
2026-02-28,Cikua,10,2,0
2026-02-28,Sosis Kecil,25,2,0
2026-02-28,Sosis Besar,31,2,0
2026-02-28,Bakso,66,2,0
2026-02-28,Rais Boll Ayam Suwir,5,2,0
2026-02-28,Rais Boll Cumi Asin,5,2,0
2026-02-28,Tahu Bacem,7,2,0
2026-02-28,Tempe Bacem,7,2,0
2026-02-28,Nasi Kucing Ayam Suwir,4,2,0
2026-02-28,Nasi Kucing Cumi Asin,3,2,0
2026-03-01,Buntut,29,1,0
2026-03-01,Telur Puyuh,34,1,0
2026-03-01,Tahu,26,1,0
2026-03-01,Ampela,23,1,0
2026-03-01,Usus,17,1,0
2026-03-01,Ceker,53,1,0
2026-03-01,Leher,9,1,0
2026-03-01,Cikua,14,1,0
2026-03-01,Sosis Kecil,25,1,0
2026-03-01,Sosis Besar,46,1,0
2026-03-01,Bakso,63,1,0
2026-03-01,Rais Boll Ayam Suwir,5,1,0
2026-03-01,Rais Boll Cumi Asin,5,1,0
2026-03-01,Tahu Bacem,10,1,0
2026-03-01,Tempe Bacem,9,1,0
2026-03-01,Nasi Kucing Ayam Suwir,4,1,0
2026-03-01,Nasi Kucing Cumi Asin,4,1,0
2026-03-02,Buntut,15,2,0
2026-03-02,Telur Puyuh,24,2,0
2026-03-02,Tahu,11,2,0
2026-03-02,Ampela,11,2,0
2026-03-02,Usus,11,2,0
2026-03-02,Ceker,29,2,0
2026-03-02,Leher,5,2,0
2026-03-02,Cikua,7,2,0
2026-03-02,Sosis Kecil,15,2,0
2026-03-02,Sosis Besar,20,2,0
2026-03-02,Bakso,40,2,0
2026-03-02,Rais Boll Ayam Suwir,3,2,0
2026-03-02,Rais Boll Cumi Asin,2,2,0
2026-03-02,Tahu Bacem,4,2,0
2026-03-02,Tempe Bacem,4,2,0
2026-03-02,Nasi Kucing Ayam Suwir,2,2,0
2026-03-02,Nasi Kucing Cumi Asin,2,2,0
2026-03-03,Buntut,15,2,0
2026-03-03,Telur Puyuh,20,2,0
2026-03-03,Tahu,15,2,0
2026-03-03,Ampela,13,2,0
2026-03-03,Usus,10,2,0
2026-03-03,Ceker,30,2,0
2026-03-03,Leher,5,2,0
2026-03-03,Cikua,7,2,0
2026-03-03,Sosis Kecil,16,2,0
2026-03-03,Sosis Besar,26,2,0
2026-03-03,Bakso,38,2,0
2026-03-03,Rais Boll Ayam Suwir,3,2,0
2026-03-03,Rais Boll Cumi Asin,3,2,0
2026-03-03,Tahu Bacem,4,2,0
2026-03-03,Tempe Bacem,4,2,0
2026-03-03,Nasi Kucing Ayam Suwir,2,2,0
2026-03-03,Nasi Kucing Cumi Asin,2,2,0
2026-03-04,Buntut,16,2,0
2026-03-04,Telur Puyuh,26,2,0
2026-03-04,Tahu,14,2,0
2026-03-04,Ampela,13,2,0
2026-03-04,Usus,10,2,0
2026-03-04,Ceker,35,2,0
2026-03-04,Leher,5,2,0
2026-03-04,Cikua,8,2,0
2026-03-04,Sosis Kecil,15,2,0
2026-03-04,Sosis Besar,27,2,0
2026-03-04,Bakso,39,2,0
2026-03-04,Rais Boll Ayam Suwir,3,2,0
2026-03-04,Rais Boll Cumi Asin,3,2,0
2026-03-04,Tahu Bacem,5,2,0
2026-03-04,Tempe Bacem,4,2,0
2026-03-04,Nasi Kucing Ayam Suwir,2,2,0
2026-03-04,Nasi Kucing Cumi Asin,2,2,0
2026-03-05,Buntut,16,2,0
2026-03-05,Telur Puyuh,28,2,0
2026-03-05,Tahu,16,2,0
2026-03-05,Ampela,15,2,0
2026-03-05,Usus,10,2,0
2026-03-05,Ceker,39,2,0
2026-03-05,Leher,2,2,0
2026-03-05,Cikua,7,2,0
2026-03-05,Sosis Kecil,15,2,0
2026-03-05,Sosis Besar,28,2,0
2026-03-05,Bakso,42,2,0
2026-03-05,Rais Boll Ayam Suwir,3,2,0
2026-03-05,Rais Boll Cumi Asin,3,2,0
2026-03-05,Tahu Bacem,5,2,0
2026-03-05,Tempe Bacem,5,2,0
2026-03-05,Nasi Kucing Ayam Suwir,3,2,0
2026-03-05,Nasi Kucing Cumi Asin,3,2,0
2026-03-06,Buntut,21,2,0
2026-03-06,Telur Puyuh,35,2,0
2026-03-06,Tahu,18,2,0
2026-03-06,Ampela,18,2,0
2026-03-06,Usus,13,2,0
2026-03-06,Ceker,40,2,0
2026-03-06,Leher,6,2,0
2026-03-06,Cikua,11,2,0
2026-03-06,Sosis Kecil,22,2,0
2026-03-06,Sosis Besar,32,2,0
2026-03-06,Bakso,49,2,0
2026-03-06,Rais Boll Ayam Suwir,4,2,0
2026-03-06,Rais Boll Cumi Asin,4,2,0
2026-03-06,Tahu Bacem,7,2,0
2026-03-06,Tempe Bacem,7,2,0
2026-03-06,Nasi Kucing Ayam Suwir,4,2,0
2026-03-06,Nasi Kucing Cumi Asin,3,2,0
2026-03-07,Buntut,21,2,0
2026-03-07,Telur Puyuh,39,2,0
2026-03-07,Tahu,23,2,0
2026-03-07,Ampela,16,2,0
2026-03-07,Usus,13,2,0
2026-03-07,Ceker,49,2,0
2026-03-07,Leher,7,2,0
2026-03-07,Cikua,11,2,0
2026-03-07,Sosis Kecil,28,2,0
2026-03-07,Sosis Besar,41,2,0
2026-03-07,Bakso,64,2,0
2026-03-07,Rais Boll Ayam Suwir,4,2,0
2026-03-07,Rais Boll Cumi Asin,4,2,0
2026-03-07,Tahu Bacem,8,2,0
2026-03-07,Tempe Bacem,7,2,0
2026-03-07,Nasi Kucing Ayam Suwir,4,2,0
2026-03-07,Nasi Kucing Cumi Asin,4,2,0
2026-03-08,Buntut,18,2,0
2026-03-08,Telur Puyuh,33,2,0
2026-03-08,Tahu,19,2,0
2026-03-08,Ampela,15,2,0
2026-03-08,Usus,10,2,0
2026-03-08,Ceker,47,2,0
2026-03-08,Leher,8,2,0
2026-03-08,Cikua,8,2,0
2026-03-08,Sosis Kecil,20,2,0
2026-03-08,Sosis Besar,28,2,0
2026-03-08,Bakso,48,2,0
2026-03-08,Rais Boll Ayam Suwir,3,2,0
2026-03-08,Rais Boll Cumi Asin,4,2,0
2026-03-08,Tahu Bacem,6,2,0
2026-03-08,Tempe Bacem,5,2,0
2026-03-08,Nasi Kucing Ayam Suwir,3,2,0
2026-03-08,Nasi Kucing Cumi Asin,3,2,0
2026-03-09,Buntut,11,2,0
2026-03-09,Telur Puyuh,22,2,0
2026-03-09,Tahu,13,2,0
2026-03-09,Ampela,10,2,0
2026-03-09,Usus,11,2,0
2026-03-09,Ceker,34,2,0
2026-03-09,Leher,5,2,0
2026-03-09,Cikua,5,2,0
2026-03-09,Sosis Kecil,15,2,0
2026-03-09,Sosis Besar,22,2,0
2026-03-09,Bakso,36,2,0
2026-03-09,Rais Boll Ayam Suwir,2,2,0
2026-03-09,Rais Boll Cumi Asin,3,2,0
2026-03-09,Tahu Bacem,5,2,0
2026-03-09,Tempe Bacem,4,2,0
2026-03-09,Nasi Kucing Ayam Suwir,2,2,0
2026-03-09,Nasi Kucing Cumi Asin,2,2,0
2026-03-10,Buntut,17,2,0
2026-03-10,Telur Puyuh,22,2,0
2026-03-10,Tahu,14,2,0
2026-03-10,Ampela,11,2,0
2026-03-10,Usus,8,2,0
2026-03-10,Ceker,34,2,0
2026-03-10,Leher,2,2,0
2026-03-10,Cikua,6,2,0
2026-03-10,Sosis Kecil,18,2,0
2026-03-10,Sosis Besar,22,2,0
2026-03-10,Bakso,45,2,0
2026-03-10,Rais Boll Ayam Suwir,3,2,0
2026-03-10,Rais Boll Cumi Asin,3,2,0
2026-03-10,Tahu Bacem,5,2,0
2026-03-10,Tempe Bacem,5,2,0
2026-03-10,Nasi Kucing Ayam Suwir,2,2,0
2026-03-10,Nasi Kucing Cumi Asin,3,2,0
2026-03-11,Buntut,13,2,0
2026-03-11,Telur Puyuh,22,2,0
2026-03-11,Tahu,13,2,0
2026-03-11,Ampela,13,2,0
2026-03-11,Usus,9,2,0
2026-03-11,Ceker,31,2,0
2026-03-11,Leher,4,2,0
2026-03-11,Cikua,7,2,0
2026-03-11,Sosis Kecil,14,2,0
2026-03-11,Sosis Besar,26,2,0
2026-03-11,Bakso,39,2,0
2026-03-11,Rais Boll Ayam Suwir,3,2,0
2026-03-11,Rais Boll Cumi Asin,3,2,0
2026-03-11,Tahu Bacem,4,2,0
2026-03-11,Tempe Bacem,5,2,0
2026-03-11,Nasi Kucing Ayam Suwir,2,2,0
2026-03-11,Nasi Kucing Cumi Asin,2,2,0
2026-03-12,Buntut,16,2,0
2026-03-12,Telur Puyuh,22,2,0
2026-03-12,Tahu,18,2,0
2026-03-12,Ampela,13,2,0
2026-03-12,Usus,10,2,0
2026-03-12,Ceker,35,2,0
2026-03-12,Leher,3,2,0
2026-03-12,Cikua,8,2,0
2026-03-12,Sosis Kecil,16,2,0
2026-03-12,Sosis Besar,30,2,0
2026-03-12,Bakso,44,2,0
2026-03-12,Rais Boll Ayam Suwir,3,2,0
2026-03-12,Rais Boll Cumi Asin,3,2,0
2026-03-12,Tahu Bacem,5,2,0
2026-03-12,Tempe Bacem,6,2,0
2026-03-12,Nasi Kucing Ayam Suwir,3,2,0
2026-03-12,Nasi Kucing Cumi Asin,3,2,0
2026-03-13,Buntut,18,2,0
2026-03-13,Telur Puyuh,32,2,0
2026-03-13,Tahu,18,2,0
2026-03-13,Ampela,18,2,0
2026-03-13,Usus,13,2,0
2026-03-13,Ceker,46,2,0
2026-03-13,Leher,5,2,0
2026-03-13,Cikua,8,2,0
2026-03-13,Sosis Kecil,16,2,0
2026-03-13,Sosis Besar,25,2,0
2026-03-13,Bakso,51,2,0
2026-03-13,Rais Boll Ayam Suwir,4,2,0
2026-03-13,Rais Boll Cumi Asin,4,2,0
2026-03-13,Tahu Bacem,6,2,0
2026-03-13,Tempe Bacem,5,2,0
2026-03-13,Nasi Kucing Ayam Suwir,3,2,0
2026-03-13,Nasi Kucing Cumi Asin,3,2,0
2026-03-14,Buntut,24,2,0
2026-03-14,Telur Puyuh,33,2,0
2026-03-14,Tahu,28,2,0
2026-03-14,Ampela,22,2,0
2026-03-14,Usus,19,2,0
2026-03-14,Ceker,51,2,0
2026-03-14,Leher,10,2,0
2026-03-14,Cikua,14,2,0
2026-03-14,Sosis Kecil,30,2,0
2026-03-14,Sosis Besar,43,2,0
2026-03-14,Bakso,56,2,0
2026-03-14,Rais Boll Ayam Suwir,5,2,0
2026-03-14,Rais Boll Cumi Asin,5,2,0
2026-03-14,Tahu Bacem,9,2,0
2026-03-14,Tempe Bacem,9,2,0
2026-03-14,Nasi Kucing Ayam Suwir,4,2,0
2026-03-14,Nasi Kucing Cumi Asin,4,2,0
2026-03-15,Buntut,15,2,0
2026-03-15,Telur Puyuh,32,2,0
2026-03-15,Tahu,15,2,0
2026-03-15,Ampela,16,2,0
2026-03-15,Usus,12,2,0
2026-03-15,Ceker,41,2,0
2026-03-15,Leher,5,2,0
2026-03-15,Cikua,11,2,0
2026-03-15,Sosis Kecil,19,2,0
2026-03-15,Sosis Besar,31,2,0
2026-03-15,Bakso,41,2,0
2026-03-15,Rais Boll Ayam Suwir,3,2,0
2026-03-15,Rais Boll Cumi Asin,3,2,0
2026-03-15,Tahu Bacem,5,2,0
2026-03-15,Tempe Bacem,7,2,0
2026-03-15,Nasi Kucing Ayam Suwir,3,2,0
2026-03-15,Nasi Kucing Cumi Asin,3,2,0
2026-03-16,Buntut,14,2,0
2026-03-16,Telur Puyuh,22,2,0
2026-03-16,Tahu,10,2,0
2026-03-16,Ampela,10,2,0
2026-03-16,Usus,10,2,0
2026-03-16,Ceker,24,2,0
2026-03-16,Leher,2,2,0
2026-03-16,Cikua,7,2,0
2026-03-16,Sosis Kecil,12,2,0
2026-03-16,Sosis Besar,17,2,0
2026-03-16,Bakso,37,2,0
2026-03-16,Rais Boll Ayam Suwir,3,2,0
2026-03-16,Rais Boll Cumi Asin,2,2,0
2026-03-16,Tahu Bacem,4,2,0
2026-03-16,Tempe Bacem,4,2,0
2026-03-16,Nasi Kucing Ayam Suwir,2,2,0
2026-03-16,Nasi Kucing Cumi Asin,2,2,0
2026-03-17,Buntut,16,2,0
2026-03-17,Telur Puyuh,25,2,0
2026-03-17,Tahu,14,2,0
2026-03-17,Ampela,15,2,0
2026-03-17,Usus,9,2,0
2026-03-17,Ceker,37,2,0
2026-03-17,Leher,5,2,0
2026-03-17,Cikua,2,2,0
2026-03-17,Sosis Kecil,14,2,0
2026-03-17,Sosis Besar,20,2,0
2026-03-17,Bakso,41,2,0
2026-03-17,Rais Boll Ayam Suwir,3,2,0
2026-03-17,Rais Boll Cumi Asin,3,2,0
2026-03-17,Tahu Bacem,4,2,0
2026-03-17,Tempe Bacem,4,2,0
2026-03-17,Nasi Kucing Ayam Suwir,2,2,0
2026-03-17,Nasi Kucing Cumi Asin,2,2,0
2026-03-18,Buntut,12,2,0
2026-03-18,Telur Puyuh,26,2,0
2026-03-18,Tahu,14,2,0
2026-03-18,Ampela,9,2,0
2026-03-18,Usus,9,2,0
2026-03-18,Ceker,31,2,0
2026-03-18,Leher,4,2,0
2026-03-18,Cikua,3,2,0
2026-03-18,Sosis Kecil,11,2,0
2026-03-18,Sosis Besar,16,2,0
2026-03-18,Bakso,33,2,0
2026-03-18,Rais Boll Ayam Suwir,2,2,0
2026-03-18,Rais Boll Cumi Asin,2,2,0
2026-03-18,Tahu Bacem,5,2,0
2026-03-18,Tempe Bacem,4,2,0
2026-03-18,Nasi Kucing Ayam Suwir,2,2,0
2026-03-18,Nasi Kucing Cumi Asin,1,2,0
2026-03-19,Buntut,18,2,1
2026-03-19,Telur Puyuh,25,2,1
2026-03-19,Tahu,15,2,1
2026-03-19,Ampela,15,2,1
2026-03-19,Usus,8,2,1
2026-03-19,Ceker,38,2,1
2026-03-19,Leher,6,2,1
2026-03-19,Cikua,8,2,1
2026-03-19,Sosis Kecil,18,2,1
2026-03-19,Sosis Besar,29,2,1
2026-03-19,Bakso,45,2,1
2026-03-19,Rais Boll Ayam Suwir,3,2,1
2026-03-19,Rais Boll Cumi Asin,3,2,1
2026-03-19,Tahu Bacem,5,2,1
2026-03-19,Tempe Bacem,4,2,1
2026-03-19,Nasi Kucing Ayam Suwir,3,2,1
2026-03-19,Nasi Kucing Cumi Asin,3,2,1
2026-03-20,Buntut,0,2,1
2026-03-20,Telur Puyuh,0,2,1
2026-03-20,Tahu,0,2,1
2026-03-20,Ampela,0,2,1
2026-03-20,Usus,0,2,1
2026-03-20,Ceker,0,2,1
2026-03-20,Leher,0,2,1
2026-03-20,Cikua,0,2,1
2026-03-20,Sosis Kecil,0,2,1
2026-03-20,Sosis Besar,0,2,1
2026-03-20,Bakso,0,2,1
2026-03-20,Rais Boll Ayam Suwir,0,2,1
2026-03-20,Rais Boll Cumi Asin,0,2,1
2026-03-20,Tahu Bacem,0,2,1
2026-03-20,Tempe Bacem,0,2,1
2026-03-20,Nasi Kucing Ayam Suwir,0,2,1
2026-03-20,Nasi Kucing Cumi Asin,0,2,1
2026-03-21,Buntut,0,2,0
2026-03-21,Telur Puyuh,0,2,0
2026-03-21,Tahu,0,2,0
2026-03-21,Ampela,0,2,0
2026-03-21,Usus,0,2,0
2026-03-21,Ceker,0,2,0
2026-03-21,Leher,0,2,0
2026-03-21,Cikua,0,2,0
2026-03-21,Sosis Kecil,0,2,0
2026-03-21,Sosis Besar,0,2,0
2026-03-21,Bakso,0,2,0
2026-03-21,Rais Boll Ayam Suwir,0,2,0
2026-03-21,Rais Boll Cumi Asin,0,2,0
2026-03-21,Tahu Bacem,0,2,0
2026-03-21,Tempe Bacem,0,2,0
2026-03-21,Nasi Kucing Ayam Suwir,0,2,0
2026-03-21,Nasi Kucing Cumi Asin,0,2,0
2026-03-22,Buntut,5,2,0
2026-03-22,Telur Puyuh,10,2,0
2026-03-22,Tahu,5,2,0
2026-03-22,Ampela,4,2,0
2026-03-22,Usus,5,2,0
2026-03-22,Ceker,11,2,0
2026-03-22,Leher,1,2,0
2026-03-22,Cikua,3,2,0
2026-03-22,Sosis Kecil,4,2,0
2026-03-22,Sosis Besar,7,2,0
2026-03-22,Bakso,8,2,0
2026-03-22,Rais Boll Ayam Suwir,2,2,0
2026-03-22,Rais Boll Cumi Asin,1,2,0
2026-03-22,Tahu Bacem,2,2,0
2026-03-22,Tempe Bacem,3,2,0
2026-03-22,Nasi Kucing Ayam Suwir,0,2,0
2026-03-22,Nasi Kucing Cumi Asin,1,2,0
2026-03-23,Buntut,4,2,0
2026-03-23,Telur Puyuh,5,2,0
2026-03-23,Tahu,5,2,0
2026-03-23,Ampela,2,2,0
2026-03-23,Usus,3,2,0
2026-03-23,Ceker,8,2,0
2026-03-23,Leher,3,2,0
2026-03-23,Cikua,2,2,0
2026-03-23,Sosis Kecil,4,2,0
2026-03-23,Sosis Besar,5,2,0
2026-03-23,Bakso,10,2,0
2026-03-23,Rais Boll Ayam Suwir,1,2,0
2026-03-23,Rais Boll Cumi Asin,1,2,0
2026-03-23,Tahu Bacem,1,2,0
2026-03-23,Tempe Bacem,1,2,0
2026-03-23,Nasi Kucing Ayam Suwir,1,2,0
2026-03-23,Nasi Kucing Cumi Asin,0,2,0
2026-03-24,Buntut,5,2,0
2026-03-24,Telur Puyuh,4,2,0
2026-03-24,Tahu,5,2,0
2026-03-24,Ampela,4,2,0
2026-03-24,Usus,3,2,0
2026-03-24,Ceker,8,2,0
2026-03-24,Leher,1,2,0
2026-03-24,Cikua,3,2,0
2026-03-24,Sosis Kecil,3,2,0
2026-03-24,Sosis Besar,6,2,0
2026-03-24,Bakso,13,2,0
2026-03-24,Rais Boll Ayam Suwir,1,2,0
2026-03-24,Rais Boll Cumi Asin,1,2,0
2026-03-24,Tahu Bacem,1,2,0
2026-03-24,Tempe Bacem,1,2,0
2026-03-24,Nasi Kucing Ayam Suwir,1,2,0
2026-03-24,Nasi Kucing Cumi Asin,0,2,0
2026-03-25,Buntut,5,2,0
2026-03-25,Telur Puyuh,8,2,0
2026-03-25,Tahu,4,2,0
2026-03-25,Ampela,3,2,0
2026-03-25,Usus,2,2,0
2026-03-25,Ceker,10,2,0
2026-03-25,Leher,1,2,0
2026-03-25,Cikua,3,2,0
2026-03-25,Sosis Kecil,3,2,0
2026-03-25,Sosis Besar,6,2,0
2026-03-25,Bakso,11,2,0
2026-03-25,Rais Boll Ayam Suwir,1,2,0
2026-03-25,Rais Boll Cumi Asin,1,2,0
2026-03-25,Tahu Bacem,2,2,0
2026-03-25,Tempe Bacem,2,2,0
2026-03-25,Nasi Kucing Ayam Suwir,1,2,0
2026-03-25,Nasi Kucing Cumi Asin,1,2,0
2026-03-26,Buntut,0,2,0
2026-03-26,Telur Puyuh,0,2,0
2026-03-26,Tahu,0,2,0
2026-03-26,Ampela,0,2,0
2026-03-26,Usus,0,2,0
2026-03-26,Ceker,0,2,0
2026-03-26,Leher,0,2,0
2026-03-26,Cikua,0,2,0
2026-03-26,Sosis Kecil,0,2,0
2026-03-26,Sosis Besar,0,2,0
2026-03-26,Bakso,0,2,0
2026-03-26,Rais Boll Ayam Suwir,0,2,0
2026-03-26,Rais Boll Cumi Asin,0,2,0
2026-03-26,Tahu Bacem,0,2,0
2026-03-26,Tempe Bacem,0,2,0
2026-03-26,Nasi Kucing Ayam Suwir,0,2,0
2026-03-26,Nasi Kucing Cumi Asin,0,2,0
2026-03-27,Buntut,15,2,0
2026-03-27,Telur Puyuh,22,2,0
2026-03-27,Tahu,11,2,0
2026-03-27,Ampela,10,2,0
2026-03-27,Usus,8,2,0
2026-03-27,Ceker,26,2,0
2026-03-27,Leher,5,2,0
2026-03-27,Cikua,8,2,0
2026-03-27,Sosis Kecil,14,2,0
2026-03-27,Sosis Besar,16,2,0
2026-03-27,Bakso,36,2,0
2026-03-27,Rais Boll Ayam Suwir,3,2,0
2026-03-27,Rais Boll Cumi Asin,3,2,0
2026-03-27,Tahu Bacem,4,2,0
2026-03-27,Tempe Bacem,5,2,0
2026-03-27,Nasi Kucing Ayam Suwir,2,2,0
2026-03-27,Nasi Kucing Cumi Asin,2,2,0
2026-03-28,Buntut,7,2,0
2026-03-28,Telur Puyuh,11,2,0
2026-03-28,Tahu,7,2,0
2026-03-28,Ampela,5,2,0
2026-03-28,Usus,5,2,0
2026-03-28,Ceker,20,2,0
2026-03-28,Leher,2,2,0
2026-03-28,Cikua,2,2,0
2026-03-28,Sosis Kecil,5,2,0
2026-03-28,Sosis Besar,10,2,0
2026-03-28,Bakso,12,2,0
2026-03-28,Rais Boll Ayam Suwir,1,2,0
2026-03-28,Rais Boll Cumi Asin,1,2,0
2026-03-28,Tahu Bacem,3,2,0
2026-03-28,Tempe Bacem,2,2,0
2026-03-28,Nasi Kucing Ayam Suwir,1,2,0
2026-03-28,Nasi Kucing Cumi Asin,1,2,0
2026-03-29,Buntut,13,2,0
2026-03-29,Telur Puyuh,21,2,0
2026-03-29,Tahu,13,2,0
2026-03-29,Ampela,12,2,0
2026-03-29,Usus,11,2,0
2026-03-29,Ceker,32,2,0
2026-03-29,Leher,4,2,0
2026-03-29,Cikua,8,2,0
2026-03-29,Sosis Kecil,15,2,0
2026-03-29,Sosis Besar,27,2,0
2026-03-29,Bakso,42,2,0
2026-03-29,Rais Boll Ayam Suwir,3,2,0
2026-03-29,Rais Boll Cumi Asin,2,2,0
2026-03-29,Tahu Bacem,4,2,0
2026-03-29,Tempe Bacem,5,2,0
2026-03-29,Nasi Kucing Ayam Suwir,3,2,0
2026-03-29,Nasi Kucing Cumi Asin,2,2,0
2026-03-30,Buntut,9,2,0
2026-03-30,Telur Puyuh,14,2,0
2026-03-30,Tahu,9,2,0
2026-03-30,Ampela,10,2,0
2026-03-30,Usus,6,2,0
2026-03-30,Ceker,18,2,0
2026-03-30,Leher,3,2,0
2026-03-30,Cikua,5,2,0
2026-03-30,Sosis Kecil,9,2,0
2026-03-30,Sosis Besar,15,2,0
2026-03-30,Bakso,29,2,0
2026-03-30,Rais Boll Ayam Suwir,2,2,0
2026-03-30,Rais Boll Cumi Asin,2,2,0
2026-03-30,Tahu Bacem,3,2,0
2026-03-30,Tempe Bacem,3,2,0
2026-03-30,Nasi Kucing Ayam Suwir,2,2,0
2026-03-30,Nasi Kucing Cumi Asin,2,2,0
2026-03-31,Buntut,12,2,0
2026-03-31,Telur Puyuh,19,2,0
2026-03-31,Tahu,9,2,0
2026-03-31,Ampela,9,2,0
2026-03-31,Usus,8,2,0
2026-03-31,Ceker,22,2,0
2026-03-31,Leher,3,2,0
2026-03-31,Cikua,6,2,0
2026-03-31,Sosis Kecil,8,2,0
2026-03-31,Sosis Besar,17,2,0
2026-03-31,Bakso,31,2,0
2026-03-31,Rais Boll Ayam Suwir,2,2,0
2026-03-31,Rais Boll Cumi Asin,2,2,0
2026-03-31,Tahu Bacem,4,2,0
2026-03-31,Tempe Bacem,3,2,0
2026-03-31,Nasi Kucing Ayam Suwir,2,2,0
2026-03-31,Nasi Kucing Cumi Asin,2,2,0
2026-04-01,Buntut,10,2,0
2026-04-01,Telur Puyuh,18,2,0
2026-04-01,Tahu,11,2,0
2026-04-01,Ampela,9,2,0
2026-04-01,Usus,8,2,0
2026-04-01,Ceker,25,2,0
2026-04-01,Leher,3,2,0
2026-04-01,Cikua,6,2,0
2026-04-01,Sosis Kecil,13,2,0
2026-04-01,Sosis Besar,18,2,0
2026-04-01,Bakso,27,2,0
2026-04-01,Rais Boll Ayam Suwir,2,2,0
2026-04-01,Rais Boll Cumi Asin,2,2,0
2026-04-01,Tahu Bacem,4,2,0
2026-04-01,Tempe Bacem,4,2,0
2026-04-01,Nasi Kucing Ayam Suwir,2,2,0
2026-04-01,Nasi Kucing Cumi Asin,2,2,0
2026-04-02,Buntut,12,2,0
2026-04-02,Telur Puyuh,16,2,0
2026-04-02,Tahu,11,2,0
2026-04-02,Ampela,10,2,0
2026-04-02,Usus,9,2,0
2026-04-02,Ceker,22,2,0
2026-04-02,Leher,3,2,0
2026-04-02,Cikua,6,2,0
2026-04-02,Sosis Kecil,10,2,0
2026-04-02,Sosis Besar,14,2,0
2026-04-02,Bakso,30,2,0
2026-04-02,Rais Boll Ayam Suwir,2,2,0
2026-04-02,Rais Boll Cumi Asin,2,2,0
2026-04-02,Tahu Bacem,4,2,0
2026-04-02,Tempe Bacem,4,2,0
2026-04-02,Nasi Kucing Ayam Suwir,2,2,0
2026-04-02,Nasi Kucing Cumi Asin,2,2,0
2026-04-03,Buntut,13,2,0
2026-04-03,Telur Puyuh,20,2,0
2026-04-03,Tahu,12,2,0
2026-04-03,Ampela,10,2,0
2026-04-03,Usus,9,2,0
2026-04-03,Ceker,30,2,0
2026-04-03,Leher,3,2,0
2026-04-03,Cikua,7,2,0
2026-04-03,Sosis Kecil,16,2,0
2026-04-03,Sosis Besar,22,2,0
2026-04-03,Bakso,35,2,0
2026-04-03,Rais Boll Ayam Suwir,3,2,0
2026-04-03,Rais Boll Cumi Asin,2,2,0
2026-04-03,Tahu Bacem,4,2,0
2026-04-03,Tempe Bacem,4,2,0
2026-04-03,Nasi Kucing Ayam Suwir,2,2,0
2026-04-03,Nasi Kucing Cumi Asin,2,2,0
2026-04-04,Buntut,14,2,0
2026-04-04,Telur Puyuh,23,2,0
2026-04-04,Tahu,14,2,0
2026-04-04,Ampela,9,2,0
2026-04-04,Usus,10,2,0
2026-04-04,Ceker,31,2,0
2026-04-04,Leher,4,2,0
2026-04-04,Cikua,7,2,0
2026-04-04,Sosis Kecil,15,2,0
2026-04-04,Sosis Besar,28,2,0
2026-04-04,Bakso,35,2,0
2026-04-04,Rais Boll Ayam Suwir,3,2,0
2026-04-04,Rais Boll Cumi Asin,3,2,0
2026-04-04,Tahu Bacem,5,2,0
2026-04-04,Tempe Bacem,5,2,0
2026-04-04,Nasi Kucing Ayam Suwir,3,2,0
2026-04-04,Nasi Kucing Cumi Asin,2,2,0
2026-04-05,Buntut,13,2,0
2026-04-05,Telur Puyuh,18,2,0
2026-04-05,Tahu,12,2,0
2026-04-05,Ampela,12,2,0
2026-04-05,Usus,9,2,0
2026-04-05,Ceker,28,2,0
2026-04-05,Leher,0,2,0
2026-04-05,Cikua,9,2,0
2026-04-05,Sosis Kecil,13,2,0
2026-04-05,Sosis Besar,22,2,0
2026-04-05,Bakso,34,2,0
2026-04-05,Rais Boll Ayam Suwir,3,2,0
2026-04-05,Rais Boll Cumi Asin,3,2,0
2026-04-05,Tahu Bacem,5,2,0
2026-04-05,Tempe Bacem,5,2,0
2026-04-05,Nasi Kucing Ayam Suwir,2,2,0
2026-04-05,Nasi Kucing Cumi Asin,2,2,0
2026-04-06,Buntut,10,2,0
2026-04-06,Telur Puyuh,15,2,0
2026-04-06,Tahu,11,2,0
2026-04-06,Ampela,10,2,0
2026-04-06,Usus,8,2,0
2026-04-06,Ceker,20,2,0
2026-04-06,Leher,3,2,0
2026-04-06,Cikua,4,2,0
2026-04-06,Sosis Kecil,8,2,0
2026-04-06,Sosis Besar,14,2,0
2026-04-06,Bakso,26,2,0
2026-04-06,Rais Boll Ayam Suwir,2,2,0
2026-04-06,Rais Boll Cumi Asin,2,2,0
2026-04-06,Tahu Bacem,3,2,0
2026-04-06,Tempe Bacem,3,2,0
2026-04-06,Nasi Kucing Ayam Suwir,2,2,0
2026-04-06,Nasi Kucing Cumi Asin,2,2,0
2026-04-07,Buntut,9,2,0
2026-04-07,Telur Puyuh,13,2,0
2026-04-07,Tahu,10,2,0
2026-04-07,Ampela,10,2,0
2026-04-07,Usus,7,2,0
2026-04-07,Ceker,26,2,0
2026-04-07,Leher,2,2,0
2026-04-07,Cikua,6,2,0
2026-04-07,Sosis Kecil,11,2,0
2026-04-07,Sosis Besar,17,2,0
2026-04-07,Bakso,29,2,0
2026-04-07,Rais Boll Ayam Suwir,2,2,0
2026-04-07,Rais Boll Cumi Asin,2,2,0
2026-04-07,Tahu Bacem,3,2,0
2026-04-07,Tempe Bacem,3,2,0
2026-04-07,Nasi Kucing Ayam Suwir,2,2,0
2026-04-07,Nasi Kucing Cumi Asin,2,2,0
2026-04-08,Buntut,0,2,0
2026-04-08,Telur Puyuh,0,2,0
2026-04-08,Tahu,0,2,0
2026-04-08,Ampela,0,2,0
2026-04-08,Usus,0,2,0
2026-04-08,Ceker,0,2,0
2026-04-08,Leher,0,2,0
2026-04-08,Cikua,0,2,0
2026-04-08,Sosis Kecil,0,2,0
2026-04-08,Sosis Besar,0,2,0
2026-04-08,Bakso,0,2,0
2026-04-08,Rais Boll Ayam Suwir,0,2,0
2026-04-08,Rais Boll Cumi Asin,0,2,0
2026-04-08,Tahu Bacem,0,2,0
2026-04-08,Tempe Bacem,0,2,0
2026-04-08,Nasi Kucing Ayam Suwir,0,2,0
2026-04-08,Nasi Kucing Cumi Asin,0,2,0
2026-04-09,Buntut,12,2,0
2026-04-09,Telur Puyuh,22,2,0
2026-04-09,Tahu,12,2,0
2026-04-09,Ampela,9,2,0
2026-04-09,Usus,6,2,0
2026-04-09,Ceker,25,2,0
2026-04-09,Leher,2,2,0
2026-04-09,Cikua,7,2,0
2026-04-09,Sosis Kecil,12,2,0
2026-04-09,Sosis Besar,22,2,0
2026-04-09,Bakso,34,2,0
2026-04-09,Rais Boll Ayam Suwir,3,2,0
2026-04-09,Rais Boll Cumi Asin,2,2,0
2026-04-09,Tahu Bacem,4,2,0
2026-04-09,Tempe Bacem,4,2,0
2026-04-09,Nasi Kucing Ayam Suwir,2,2,0
2026-04-09,Nasi Kucing Cumi Asin,2,2,0
2026-04-10,Buntut,13,2,0
2026-04-10,Telur Puyuh,19,2,0
2026-04-10,Tahu,13,2,0
2026-04-10,Ampela,11,2,0
2026-04-10,Usus,7,2,0
2026-04-10,Ceker,27,2,0
2026-04-10,Leher,3,2,0
2026-04-10,Cikua,6,2,0
2026-04-10,Sosis Kecil,11,2,0
2026-04-10,Sosis Besar,22,2,0
2026-04-10,Bakso,38,2,0
2026-04-10,Rais Boll Ayam Suwir,3,2,0
2026-04-10,Rais Boll Cumi Asin,3,2,0
2026-04-10,Tahu Bacem,5,2,0
2026-04-10,Tempe Bacem,5,2,0
2026-04-10,Nasi Kucing Ayam Suwir,2,2,0
2026-04-10,Nasi Kucing Cumi Asin,2,2,0
2026-04-11,Buntut,0,2,0
2026-04-11,Telur Puyuh,0,2,0
2026-04-11,Tahu,0,2,0
2026-04-11,Ampela,0,2,0
2026-04-11,Usus,0,2,0
2026-04-11,Ceker,0,2,0
2026-04-11,Leher,0,2,0
2026-04-11,Cikua,0,2,0
2026-04-11,Sosis Kecil,0,2,0
2026-04-11,Sosis Besar,0,2,0
2026-04-11,Bakso,0,2,0
2026-04-11,Rais Boll Ayam Suwir,0,2,0
2026-04-11,Rais Boll Cumi Asin,0,2,0
2026-04-11,Tahu Bacem,0,2,0
2026-04-11,Tempe Bacem,0,2,0
2026-04-11,Nasi Kucing Ayam Suwir,0,2,0
2026-04-11,Nasi Kucing Cumi Asin,0,2,0
2026-04-12,Buntut,14,2,0
2026-04-12,Telur Puyuh,23,2,0
2026-04-12,Tahu,6,2,0
2026-04-12,Ampela,10,2,0
2026-04-12,Usus,6,2,0
2026-04-12,Ceker,26,2,0
2026-04-12,Leher,3,2,0
2026-04-12,Cikua,5,2,0
2026-04-12,Sosis Kecil,14,2,0
2026-04-12,Sosis Besar,17,2,0
2026-04-12,Bakso,25,2,0
2026-04-12,Rais Boll Ayam Suwir,1,2,0
2026-04-12,Rais Boll Cumi Asin,1,2,0
2026-04-12,Tahu Bacem,4,2,0
2026-04-12,Tempe Bacem,4,2,0
2026-04-12,Nasi Kucing Ayam Suwir,2,2,0
2026-04-12,Nasi Kucing Cumi Asin,2,2,0
2026-04-13,Buntut,5,2,0
2026-04-13,Telur Puyuh,7,2,0
2026-04-13,Tahu,5,2,0
2026-04-13,Ampela,7,2,0
2026-04-13,Usus,5,2,0
2026-04-13,Ceker,20,2,0
2026-04-13,Leher,2,2,0
2026-04-13,Cikua,5,2,0
2026-04-13,Sosis Kecil,4,2,0
2026-04-13,Sosis Besar,9,2,0
2026-04-13,Bakso,28,2,0
2026-04-13,Rais Boll Ayam Suwir,1,2,0
2026-04-13,Rais Boll Cumi Asin,1,2,0
2026-04-13,Tahu Bacem,3,2,0
2026-04-13,Tempe Bacem,3,2,0
2026-04-13,Nasi Kucing Ayam Suwir,2,2,0
2026-04-13,Nasi Kucing Cumi Asin,1,2,0
2026-04-14,Buntut,7,2,0
2026-04-14,Telur Puyuh,16,2,0
2026-04-14,Tahu,8,2,0
2026-04-14,Ampela,6,2,0
2026-04-14,Usus,5,2,0
2026-04-14,Ceker,21,2,0
2026-04-14,Leher,3,2,0
2026-04-14,Cikua,5,2,0
2026-04-14,Sosis Kecil,6,2,0
2026-04-14,Sosis Besar,11,2,0
2026-04-14,Bakso,27,2,0
2026-04-14,Rais Boll Ayam Suwir,2,2,0
2026-04-14,Rais Boll Cumi Asin,2,2,0
2026-04-14,Tahu Bacem,3,2,0
2026-04-14,Tempe Bacem,3,2,0
2026-04-14,Nasi Kucing Ayam Suwir,2,2,0
2026-04-14,Nasi Kucing Cumi Asin,2,2,0
2026-04-15,Buntut,9,2,0
2026-04-15,Telur Puyuh,14,2,0
2026-04-15,Tahu,11,2,0
2026-04-15,Ampela,10,2,0
2026-04-15,Usus,8,2,0
2026-04-15,Ceker,23,2,0
2026-04-15,Leher,0,2,0
2026-04-15,Cikua,5,2,0
2026-04-15,Sosis Kecil,13,2,0
2026-04-15,Sosis Besar,14,2,0
2026-04-15,Bakso,30,2,0
2026-04-15,Rais Boll Ayam Suwir,3,2,0
2026-04-15,Rais Boll Cumi Asin,2,2,0
2026-04-15,Tahu Bacem,3,2,0
2026-04-15,Tempe Bacem,3,2,0
2026-04-15,Nasi Kucing Ayam Suwir,2,2,0
2026-04-15,Nasi Kucing Cumi Asin,2,2,0
2026-04-16,Buntut,9,2,0
2026-04-16,Telur Puyuh,19,2,0
2026-04-16,Tahu,11,2,0
2026-04-16,Ampela,10,2,0
2026-04-16,Usus,7,2,0
2026-04-16,Ceker,26,2,0
2026-04-16,Leher,3,2,0
2026-04-16,Cikua,5,2,0
2026-04-16,Sosis Kecil,11,2,0
2026-04-16,Sosis Besar,21,2,0
2026-04-16,Bakso,31,2,0
2026-04-16,Rais Boll Ayam Suwir,3,2,0
2026-04-16,Rais Boll Cumi Asin,2,2,0
2026-04-16,Tahu Bacem,4,2,0
2026-04-16,Tempe Bacem,4,2,0
2026-04-16,Nasi Kucing Ayam Suwir,2,2,0
2026-04-16,Nasi Kucing Cumi Asin,2,2,0
2026-04-17,Buntut,13,2,0
2026-04-17,Telur Puyuh,22,2,0
2026-04-17,Tahu,11,2,0
2026-04-17,Ampela,13,2,0
2026-04-17,Usus,9,2,0
2026-04-17,Ceker,24,2,0
2026-04-17,Leher,4,2,0
2026-04-17,Cikua,5,2,0
2026-04-17,Sosis Kecil,14,2,0
2026-04-17,Sosis Besar,20,2,0
2026-04-17,Bakso,34,2,0
2026-04-17,Rais Boll Ayam Suwir,2,2,0
2026-04-17,Rais Boll Cumi Asin,2,2,0
2026-04-17,Tahu Bacem,5,2,0
2026-04-17,Tempe Bacem,5,2,0
2026-04-17,Nasi Kucing Ayam Suwir,2,2,0
2026-04-17,Nasi Kucing Cumi Asin,2,2,0
2026-04-18,Buntut,16,2,0
2026-04-18,Telur Puyuh,25,2,0
2026-04-18,Tahu,15,2,0
2026-04-18,Ampela,12,2,0
2026-04-18,Usus,12,2,0
2026-04-18,Ceker,33,2,0
2026-04-18,Leher,3,2,0
2026-04-18,Cikua,8,2,0
2026-04-18,Sosis Kecil,17,2,0
2026-04-18,Sosis Besar,26,2,0
2026-04-18,Bakso,38,2,0
2026-04-18,Rais Boll Ayam Suwir,3,2,0
2026-04-18,Rais Boll Cumi Asin,2,2,0
2026-04-18,Tahu Bacem,4,2,0
2026-04-18,Tempe Bacem,5,2,0
2026-04-18,Nasi Kucing Ayam Suwir,3,2,0
2026-04-18,Nasi Kucing Cumi Asin,3,2,0
2026-04-19,Buntut,12,2,0
2026-04-19,Telur Puyuh,22,2,0
2026-04-19,Tahu,15,2,0
2026-04-19,Ampela,13,2,0
2026-04-19,Usus,9,2,0
2026-04-19,Ceker,27,2,0
2026-04-19,Leher,3,2,0
2026-04-19,Cikua,7,2,0
2026-04-19,Sosis Kecil,12,2,0
2026-04-19,Sosis Besar,17,2,0
2026-04-19,Bakso,34,2,0
2026-04-19,Rais Boll Ayam Suwir,3,2,0
2026-04-19,Rais Boll Cumi Asin,2,2,0
2026-04-19,Tahu Bacem,4,2,0
2026-04-19,Tempe Bacem,4,2,0
2026-04-19,Nasi Kucing Ayam Suwir,2,2,0
2026-04-19,Nasi Kucing Cumi Asin,2,2,0
2026-04-20,Buntut,9,2,0
2026-04-20,Telur Puyuh,15,2,0
2026-04-20,Tahu,10,2,0
2026-04-20,Ampela,8,2,0
2026-04-20,Usus,5,2,0
2026-04-20,Ceker,22,2,0
2026-04-20,Leher,3,2,0
2026-04-20,Cikua,3,2,0
2026-04-20,Sosis Kecil,9,2,0
2026-04-20,Sosis Besar,17,2,0
2026-04-20,Bakso,23,2,0
2026-04-20,Rais Boll Ayam Suwir,2,2,0
2026-04-20,Rais Boll Cumi Asin,2,2,0
2026-04-20,Tahu Bacem,4,2,0
2026-04-20,Tempe Bacem,3,2,0
2026-04-20,Nasi Kucing Ayam Suwir,2,2,0
2026-04-20,Nasi Kucing Cumi Asin,2,2,0
2026-04-21,Buntut,11,2,0
2026-04-21,Telur Puyuh,14,2,0
2026-04-21,Tahu,8,2,0
2026-04-21,Ampela,10,2,0
2026-04-21,Usus,8,2,0
2026-04-21,Ceker,21,2,0
2026-04-21,Leher,2,2,0
2026-04-21,Cikua,5,2,0
2026-04-21,Sosis Kecil,11,2,0
2026-04-21,Sosis Besar,18,2,0
2026-04-21,Bakso,29,2,0
2026-04-21,Rais Boll Ayam Suwir,2,2,0
2026-04-21,Rais Boll Cumi Asin,2,2,0
2026-04-21,Tahu Bacem,3,2,0
2026-04-21,Tempe Bacem,4,2,0
2026-04-21,Nasi Kucing Ayam Suwir,2,2,0
2026-04-21,Nasi Kucing Cumi Asin,2,2,0
2026-04-22,Buntut,10,2,0
2026-04-22,Telur Puyuh,20,2,0
2026-04-22,Tahu,11,2,0
2026-04-22,Ampela,10,2,0
2026-04-22,Usus,6,2,0
2026-04-22,Ceker,21,2,0
2026-04-22,Leher,3,2,0
2026-04-22,Cikua,5,2,0
2026-04-22,Sosis Kecil,9,2,0
2026-04-22,Sosis Besar,17,2,0
2026-04-22,Bakso,27,2,0
2026-04-22,Rais Boll Ayam Suwir,2,2,0
2026-04-22,Rais Boll Cumi Asin,2,2,0
2026-04-22,Tahu Bacem,4,2,0
2026-04-22,Tempe Bacem,4,2,0
2026-04-22,Nasi Kucing Ayam Suwir,2,2,0
2026-04-22,Nasi Kucing Cumi Asin,2,2,0
2026-04-23,Buntut,10,2,0
2026-04-23,Telur Puyuh,21,2,0
2026-04-23,Tahu,11,2,0
2026-04-23,Ampela,11,2,0
2026-04-23,Usus,10,2,0
2026-04-23,Ceker,24,2,0
2026-04-23,Leher,4,2,0
2026-04-23,Cikua,6,2,0
2026-04-23,Sosis Kecil,10,2,0
2026-04-23,Sosis Besar,21,2,0
2026-04-23,Bakso,33,2,0
2026-04-23,Rais Boll Ayam Suwir,2,2,0
2026-04-23,Rais Boll Cumi Asin,2,2,0
2026-04-23,Tahu Bacem,4,2,0
2026-04-23,Tempe Bacem,4,2,0
2026-04-23,Nasi Kucing Ayam Suwir,2,2,0
2026-04-23,Nasi Kucing Cumi Asin,2,2,0
2026-04-24,Buntut,11,2,0
2026-04-24,Telur Puyuh,18,2,0
2026-04-24,Tahu,12,2,0
2026-04-24,Ampela,10,2,0
2026-04-24,Usus,7,2,0
2026-04-24,Ceker,25,2,0
2026-04-24,Leher,4,2,0
2026-04-24,Cikua,6,2,0
2026-04-24,Sosis Kecil,13,2,0
2026-04-24,Sosis Besar,25,2,0
2026-04-24,Bakso,35,2,0
2026-04-24,Rais Boll Ayam Suwir,3,2,0
2026-04-24,Rais Boll Cumi Asin,2,2,0
2026-04-24,Tahu Bacem,4,2,0
2026-04-24,Tempe Bacem,4,2,0
2026-04-24,Nasi Kucing Ayam Suwir,2,2,0
2026-04-24,Nasi Kucing Cumi Asin,2,2,0
2026-04-25,Buntut,0,2,0
2026-04-25,Telur Puyuh,0,2,0
2026-04-25,Tahu,0,2,0
2026-04-25,Ampela,0,2,0
2026-04-25,Usus,0,2,0
2026-04-25,Ceker,0,2,0
2026-04-25,Leher,0,2,0
2026-04-25,Cikua,0,2,0
2026-04-25,Sosis Kecil,0,2,0
2026-04-25,Sosis Besar,0,2,0
2026-04-25,Bakso,0,2,0
2026-04-25,Rais Boll Ayam Suwir,0,2,0
2026-04-25,Rais Boll Cumi Asin,0,2,0
2026-04-25,Tahu Bacem,0,2,0
2026-04-25,Tempe Bacem,0,2,0
2026-04-25,Nasi Kucing Ayam Suwir,0,2,0
2026-04-25,Nasi Kucing Cumi Asin,0,2,0
2026-04-26,Buntut,0,2,0
2026-04-26,Telur Puyuh,0,2,0
2026-04-26,Tahu,0,2,0
2026-04-26,Ampela,0,2,0
2026-04-26,Usus,0,2,0
2026-04-26,Ceker,0,2,0
2026-04-26,Leher,0,2,0
2026-04-26,Cikua,0,2,0
2026-04-26,Sosis Kecil,0,2,0
2026-04-26,Sosis Besar,0,2,0
2026-04-26,Bakso,0,2,0
2026-04-26,Rais Boll Ayam Suwir,0,2,0
2026-04-26,Rais Boll Cumi Asin,0,2,0
2026-04-26,Tahu Bacem,0,2,0
2026-04-26,Tempe Bacem,0,2,0
2026-04-26,Nasi Kucing Ayam Suwir,0,2,0
2026-04-26,Nasi Kucing Cumi Asin,0,2,0
2026-04-27,Buntut,10,2,0
2026-04-27,Telur Puyuh,13,2,0
2026-04-27,Tahu,9,2,0
2026-04-27,Ampela,8,2,0
2026-04-27,Usus,8,2,0
2026-04-27,Ceker,20,2,0
2026-04-27,Leher,3,2,0
2026-04-27,Cikua,4,2,0
2026-04-27,Sosis Kecil,8,2,0
2026-04-27,Sosis Besar,10,2,0
2026-04-27,Bakso,29,2,0
2026-04-27,Rais Boll Ayam Suwir,2,2,0
2026-04-27,Rais Boll Cumi Asin,2,2,0
2026-04-27,Tahu Bacem,3,2,0
2026-04-27,Tempe Bacem,4,2,0
2026-04-27,Nasi Kucing Ayam Suwir,2,2,0
2026-04-27,Nasi Kucing Cumi Asin,2,2,0
2026-04-28,Buntut,10,2,0
2026-04-28,Telur Puyuh,15,2,0
2026-04-28,Tahu,9,2,0
2026-04-28,Ampela,7,2,0
2026-04-28,Usus,7,2,0
2026-04-28,Ceker,23,2,0
2026-04-28,Leher,3,2,0
2026-04-28,Cikua,5,2,0
2026-04-28,Sosis Kecil,10,2,0
2026-04-28,Sosis Besar,14,2,0
2026-04-28,Bakso,29,2,0
2026-04-28,Rais Boll Ayam Suwir,2,2,0
2026-04-28,Rais Boll Cumi Asin,2,2,0
2026-04-28,Tahu Bacem,3,2,0
2026-04-28,Tempe Bacem,2,2,0
2026-04-28,Nasi Kucing Ayam Suwir,2,2,0
2026-04-28,Nasi Kucing Cumi Asin,2,2,0
2026-04-29,Buntut,0,2,0
2026-04-29,Telur Puyuh,0,2,0
2026-04-29,Tahu,0,2,0
2026-04-29,Ampela,0,2,0
2026-04-29,Usus,0,2,0
2026-04-29,Ceker,0,2,0
2026-04-29,Leher,0,2,0
2026-04-29,Cikua,0,2,0
2026-04-29,Sosis Kecil,0,2,0
2026-04-29,Sosis Besar,0,2,0
2026-04-29,Bakso,0,2,0
2026-04-29,Rais Boll Ayam Suwir,0,2,0
2026-04-29,Rais Boll Cumi Asin,0,2,0
2026-04-29,Tahu Bacem,0,2,0
2026-04-29,Tempe Bacem,0,2,0
2026-04-29,Nasi Kucing Ayam Suwir,0,2,0
2026-04-29,Nasi Kucing Cumi Asin,0,2,0
2026-04-30,Buntut,9,2,0
2026-04-30,Telur Puyuh,15,2,0
2026-04-30,Tahu,12,2,0
2026-04-30,Ampela,9,2,0
2026-04-30,Usus,5,2,0
2026-04-30,Ceker,26,2,0
2026-04-30,Leher,2,2,0
2026-04-30,Cikua,6,2,0
2026-04-30,Sosis Kecil,13,2,0
2026-04-30,Sosis Besar,13,2,0
2026-04-30,Bakso,29,2,0
2026-04-30,Rais Boll Ayam Suwir,2,2,0
2026-04-30,Rais Boll Cumi Asin,2,2,0
2026-04-30,Tahu Bacem,4,2,0
2026-04-30,Tempe Bacem,2,2,0
2026-04-30,Nasi Kucing Ayam Suwir,2,2,0
2026-04-30,Nasi Kucing Cumi Asin,2,2,0
